SEASON,TEAM_ID,TEAM_NAME,GP,W,L,W_PCT,MIN,PTS_OFF_TOV,PTS_2ND_CHANCE,PTS_FB,PTS_PAINT,OPP_PTS_OFF_TOV,OPP_PTS_2ND_CHANCE,OPP_PTS_FB,OPP_PTS_PAINT,GP_RANK,W_RANK,L_RANK,W_PCT_RANK,MIN_RANK,PTS_OFF_TOV_RANK,PTS_2ND_CHANCE_RANK,PTS_FB_RANK,PTS_PAINT_RANK,OPP_PTS_OFF_TOV_RANK,OPP_PTS_2ND_CHANCE_RANK,OPP_PTS_FB_RANK,OPP_PTS_PAINT_RANK
2015-16,1610612737,Atlanta Hawks,82,48,34,0.585,48.4,18.5,10.7,14.8,43.4,16,13.1,11.9,40.9,1,7,7,7,11,4,27,7,15,14,18,9,8
2015-16,1610612738,Boston Celtics,82,48,34,0.585,48.2,18.8,14.3,16.3,45.9,14.8,14.2,10.8,43,1,7,7,7,23,3,3,6,6,6,26,3,14
2015-16,1610612751,Brooklyn Nets,82,21,61,0.256,48.2,15,12.6,11.5,46.2,18.3,12.1,14.5,47.9,1,28,28,28,26,24,19,20,5,26,11,24,30
2015-16,1610612766,Charlotte Hornets,82,48,34,0.585,48.4,15.9,11.4,11.1,37.6,14.1,11.4,12.4,40,1,7,7,7,9,19,26,23,29,2,5,13,3
2015-16,1610612741,Chicago Bulls,82,42,40,0.512,48.5,13.3,13.6,10.2,41,16,14.3,13.8,44.4,1,14,14,14,3,29,7,28,22,16,27,21,23
2015-16,1610612739,Cleveland Cavaliers,82,57,25,0.695,48.4,16.3,13.2,11.8,41,15.5,11.2,11.2,40.8,1,3,3,3,9,16,10,19,22,11,3,6,6
2015-16,1610612742,Dallas Mavericks,82,42,40,0.512,48.8,16,10.6,11.2,38,14.8,13.4,16,40.9,1,14,14,14,1,18,28,21,27,7,20,27,7
2015-16,1610612743,Denver Nuggets,82,33,49,0.402,48.4,15.7,13.3,14.2,45.9,16.8,12.1,13,43.1,1,21,21,21,11,20,9,9,7,22,12,17,15
2015-16,1610612765,Detroit Pistons,82,44,38,0.537,48.5,15.4,14.9,11.1,43.5,14.6,10.7,10.4,44.4,1,12,12,12,5,22,2,23,14,5,2,1,22
2015-16,1610612744,Golden State Warriors,82,73,9,0.89,48.5,17.1,12.2,20.9,44.6,16.6,13.8,14.5,45.1,1,1,1,1,5,10,21,1,9,21,22,23,25
2015-16,1610612745,Houston Rockets,82,41,41,0.5,48.4,18.9,13.9,18.1,45.7,19.5,14.7,14.4,44.6,1,17,17,17,11,2,6,3,8,28,29,22,24
2015-16,1610612754,Indiana Pacers,82,45,37,0.549,48.5,18.9,12.9,13.4,40.9,16.3,13,12.2,41.6,1,11,11,11,5,1,16,12,24,18,17,11,12
2015-16,1610612746,LA Clippers,82,53,29,0.646,48.4,16.9,10.6,12.9,37.7,14.5,13.8,12.4,41.3,1,6,6,6,11,11,29,13,28,4,23,12,11
2015-16,1610612747,Los Angeles Lakers,82,17,65,0.207,48.1,13.6,13,12.2,38.1,16.5,14.3,17,47.8,1,29,29,29,28,28,14,18,26,20,28,29,29
2015-16,1610612763,Memphis Grizzlies,82,42,40,0.512,48.4,17.9,12.9,12.6,44,15.1,11.8,14.6,38.5,1,14,14,14,11,6,15,14,11,9,10,25,1
2015-16,1610612748,Miami Heat,82,48,34,0.585,48.4,14.8,12.7,11.1,46.4,15.6,13,10.7,42,1,7,7,7,11,26,17,22,4,12,16,2,13
2015-16,1610612749,Milwaukee Bucks,82,33,49,0.402,48.4,18.5,12.1,13.8,50.6,17.7,14.1,13,44,1,21,21,21,11,5,22,10,1,24,25,16,21
2015-16,1610612750,Minnesota Timberwolves,82,29,53,0.354,48.5,16.4,13,13.6,44.1,17.8,13.2,13.4,46.1,1,26,26,26,5,15,12,11,10,25,19,20,28
2015-16,1610612740,New Orleans Pelicans,82,30,52,0.366,48.2,15,11.5,12.4,41.4,14.9,11.3,11.7,43.2,1,25,25,25,23,25,25,15,20,8,4,8,17
2015-16,1610612752,New York Knicks,82,32,50,0.39,48.3,11.8,13.1,8.4,35.8,15.4,12.7,12.8,43.1,1,24,24,24,19,30,11,30,30,10,15,15,16
2015-16,1610612760,Oklahoma City Thunder,82,55,27,0.671,48.4,15.1,15.8,17.3,47.7,17.6,13.9,13.2,45.2,1,5,5,5,11,23,1,4,3,23,24,19,26
2015-16,1610612753,Orlando Magic,82,35,47,0.427,48.5,17.8,12.6,12.3,43.6,16,11.4,13.2,43.5,1,20,20,20,3,7,18,16,12,16,6,18,18
2015-16,1610612755,Philadelphia 76ers,82,10,72,0.122,48.3,16.5,11.7,12.2,43.2,20,14.7,16.7,45.6,1,30,30,30,19,13,24,17,16,29,30,28,27
2015-16,1610612756,Phoenix Suns,82,23,59,0.28,48.1,16.5,14,14.4,41.4,20.2,12.6,17.3,43.8,1,27,27,27,29,14,5,8,21,30,14,30,20
2015-16,1610612757,Portland Trail Blazers,82,44,38,0.537,48.3,14.8,14.1,10.7,39.1,16.3,12.4,11.1,40.9,1,12,12,12,19,27,4,26,25,19,13,5,8
2015-16,1610612758,Sacramento Kings,82,33,49,0.402,48.3,17.5,13,17.3,49.5,18.6,13.6,15,43.6,1,21,21,21,19,8,13,5,2,27,21,26,19
2015-16,1610612759,San Antonio Spurs,82,67,15,0.817,48.1,16.1,11.8,10.4,43.6,13.5,10.6,12.1,40.1,1,2,2,2,29,17,23,27,13,1,1,10,4
2015-16,1610612761,Toronto Raptors,82,56,26,0.683,48.2,16.7,12.3,11,42.1,14.2,11.6,11,40.1,1,4,4,4,23,12,20,25,18,3,8,4,4
2015-16,1610612762,Utah Jazz,82,40,42,0.488,48.7,15.6,13.5,9.3,41.8,16,11.5,11.7,39.6,1,19,19,19,2,21,8,29,19,15,7,7,2
2015-16,1610612764,Washington Wizards,82,41,41,0.5,48.2,17.5,10.6,18.6,42.4,15.7,11.7,12.7,41.2,1,17,17,17,26,9,29,2,17,13,9,14,10
2016-17,1610612737,Atlanta Hawks,82,43,39,0.524,48.5,16.3,13.5,12.1,42.7,17.4,13.2,12.8,39.1,1,11,11,11,4,13,12,19,19,23,18,12,2
2016-17,1610612738,Boston Celtics,82,53,29,0.646,48.2,16.4,11.2,12.4,41.8,15.2,13.9,12.2,43.2,1,4,4,4,25,12,25,17,23,9,27,9,13
2016-17,1610612751,Brooklyn Nets,82,20,62,0.244,48.2,15,11.5,14,45.9,19.1,14.3,14,45,1,30,30,30,25,21,21,10,8,30,29,21,20
2016-17,1610612766,Charlotte Hornets,82,36,46,0.439,48.4,14.9,11.8,9.4,39.9,13.1,11.4,12.9,40.5,1,20,20,20,10,23,20,28,27,2,3,13,5
2016-17,1610612741,Chicago Bulls,82,41,41,0.5,48.2,15.6,15.1,13.8,43.3,15.5,11.9,13.7,45.2,1,15,15,15,18,19,1,12,15,11,6,18,22
2016-17,1610612739,Cleveland Cavaliers,82,51,31,0.622,48.5,14.6,11.5,12.9,39.5,16.6,13.7,13.3,44.5,1,5,5,5,4,27,22,15,29,19,24,15,19
2016-17,1610612742,Dallas Mavericks,82,33,49,0.402,48.2,15.7,9.8,7.8,32.8,14,11.6,13.6,39.5,1,22,22,22,18,17,30,30,30,4,5,17,3
2016-17,1610612743,Denver Nuggets,82,40,42,0.488,48.2,14,15.1,14.2,49.8,18,12.2,14.3,47.4,1,18,18,18,25,30,2,8,2,26,8,24,27
2016-17,1610612765,Detroit Pistons,82,37,45,0.451,48.3,14.9,13.7,12,43.1,12.7,10.1,10.7,41.2,1,19,19,19,13,23,8,21,16,1,1,4,9
2016-17,1610612744,Golden State Warriors,82,67,15,0.817,48.2,19.3,12.6,22.6,46.6,16.7,14,14.4,45.4,1,1,1,1,18,1,18,1,7,20,28,25,23
2016-17,1610612745,Houston Rockets,82,55,27,0.671,48.2,18.7,14.3,16.7,46.7,17.5,13.8,14.3,49,1,3,3,3,18,2,7,4,6,25,25,22,30
2016-17,1610612754,Indiana Pacers,82,42,40,0.512,48.4,16.6,11.4,10.6,41.9,16.2,12.9,10.6,39.7,1,13,13,13,7,11,23,26,22,15,16,3,4
2016-17,1610612746,LA Clippers,82,51,31,0.622,48.2,15.3,11.3,13.9,39.9,15.2,12.7,14.3,42.7,1,5,5,5,25,20,24,11,26,10,14,23,11
2016-17,1610612747,Los Angeles Lakers,82,26,56,0.317,48.1,17.4,13.5,15.2,47.7,18,13.3,16.2,47.4,1,28,28,28,30,5,10,6,4,27,19,30,28
2016-17,1610612763,Memphis Grizzlies,82,43,39,0.524,48.5,16.1,13,10.2,40.5,14.8,11.5,14.6,37.8,1,11,11,11,2,15,14,27,24,6,4,26,1
2016-17,1610612748,Miami Heat,82,41,41,0.5,48.2,15.9,13.6,11.1,45.1,13.9,12.8,10.3,44.5,1,15,15,15,18,16,9,23,10,3,15,1,18
2016-17,1610612749,Milwaukee Bucks,82,42,40,0.512,48.2,17.3,11.1,13.8,48.6,16.2,12.7,11.7,43.7,1,13,13,13,18,8,26,13,3,16,13,7,14
2016-17,1610612750,Minnesota Timberwolves,82,31,51,0.378,48.3,16.7,14.8,12.8,45.7,17.2,13.4,13.9,46.2,1,24,24,24,13,10,6,16,9,22,21,19,25
2016-17,1610612740,New Orleans Pelicans,82,34,48,0.415,48.5,14.6,10.8,15,44.1,15.6,12.4,13.6,44.1,1,21,21,21,2,28,29,7,13,12,9,16,17
2016-17,1610612752,New York Knicks,82,31,51,0.378,48.4,14.4,14.9,10.9,40.4,16.5,14.7,14,46.1,1,24,24,24,7,29,3,24,25,18,30,20,24
2016-17,1610612760,Oklahoma City Thunder,82,47,35,0.573,48.3,15.6,14.8,16.9,49.9,16.9,12.2,11.1,47.5,1,10,10,10,13,18,5,3,1,21,7,5,29
2016-17,1610612753,Orlando Magic,82,29,53,0.354,48.3,15,12.5,14,42.2,15.9,13.3,13,46.6,1,26,26,26,13,22,19,9,21,14,20,14,26
2016-17,1610612755,Philadelphia 76ers,82,28,54,0.341,48.4,17.3,13.3,12.9,44.3,18.5,13.4,15.3,45.1,1,27,27,27,10,7,13,14,12,29,22,28,21
2016-17,1610612756,Phoenix Suns,82,24,58,0.293,48.4,17.7,14.9,19.4,47.5,18.1,13.5,16,44,1,29,29,29,10,4,4,2,5,28,23,29,16
2016-17,1610612757,Portland Trail Blazers,82,41,41,0.5,48.6,14.6,12.6,11.3,42.4,15.7,12.6,12.7,42.9,1,15,15,15,1,26,17,22,20,13,12,11,12
2016-17,1610612758,Sacramento Kings,82,32,50,0.39,48.5,16.3,11,10.7,43,17.4,12.5,14.7,40.7,1,23,23,23,4,14,28,25,17,24,11,27,6
2016-17,1610612759,San Antonio Spurs,82,61,21,0.744,48.3,17.3,13,12.1,39.6,14.7,12.4,12.6,40.8,1,2,2,2,13,9,16,20,28,5,10,10,7
2016-17,1610612761,Toronto Raptors,82,51,31,0.622,48.2,17.4,13.5,12.2,43.8,14.9,13.1,11.5,41.7,1,5,5,5,18,6,11,18,14,7,17,6,10
2016-17,1610612762,Utah Jazz,82,51,31,0.622,48.2,14.7,11,8.1,42.8,15.2,10.7,10.5,41,1,5,5,5,25,25,27,29,18,8,2,2,8
2016-17,1610612764,Washington Wizards,82,49,33,0.598,48.4,17.7,13,15.9,45,16.4,13.8,12.1,43.9,1,9,9,9,7,3,14,5,11,17,26,8,15
2017-18,1610612737,Atlanta Hawks,82,24,58,0.293,48.1,17.8,12,10.4,41.3,17.9,12.9,13,44.4,1,27,27,27,27,4,17,21,27,25,19,24,13
2017-18,1610612738,Boston Celtics,82,55,27,0.671,48.3,15.4,12.1,9.5,39.8,15.6,11.2,10.4,43.8,1,4,4,4,12,23,16,26,29,10,4,5,11
2017-18,1610612751,Brooklyn Nets,82,28,54,0.341,48.4,14.2,12.5,10.7,43.8,17.3,13.6,11.6,47.8,1,23,23,23,5,29,15,19,18,22,28,15,27
2017-18,1610612766,Charlotte Hornets,82,36,46,0.439,48.2,16.1,13.1,9.3,43.7,14.8,10.7,10.7,45.2,1,20,20,20,16,20,10,28,20,3,1,6,17
2017-18,1610612741,Chicago Bulls,82,27,55,0.329,48.4,15,11.2,11.8,41.8,16.3,11.2,11.3,44.5,1,24,24,24,5,26,25,14,26,15,3,10,14
2017-18,1610612739,Cleveland Cavaliers,82,50,32,0.61,48.1,16.1,11.2,12.5,44.2,16.5,12.7,11.3,47,1,6,6,6,23,19,26,13,15,17,15,12,21
2017-18,1610612742,Dallas Mavericks,82,24,58,0.293,48.3,14.7,10.4,10,38.8,13.9,11.4,14.3,42.2,1,27,27,27,12,28,29,24,30,1,7,27,5
2017-18,1610612743,Denver Nuggets,82,46,36,0.561,48.5,16.9,14,13.4,49,18.7,11.2,13,47.3,1,14,14,14,4,11,3,8,5,30,5,23,24
2017-18,1610612765,Detroit Pistons,82,39,43,0.476,48.3,16.6,12.6,10.8,43.6,14.9,11.2,9.9,43.6,1,19,19,19,12,14,14,18,21,6,5,2,10
2017-18,1610612744,Golden State Warriors,82,58,24,0.707,48.1,17.3,10.3,19.3,44.1,18.5,13.7,14.1,47.4,1,3,3,3,23,7,30,1,16,27,29,25,25
2017-18,1610612745,Houston Rockets,82,65,17,0.793,48.2,17.4,11.5,11.4,40.7,15.8,11.9,11.9,48,1,1,1,1,18,6,21,17,28,13,12,16,28
2017-18,1610612754,Indiana Pacers,82,48,34,0.585,48.2,18.3,11.9,14.8,44.7,14.8,12.8,12.3,44.8,1,8,8,8,18,3,19,5,13,4,16,18,15
2017-18,1610612746,LA Clippers,82,42,40,0.512,48.1,15.8,13.9,13.3,52.2,17.4,13.2,15.4,44.8,1,18,18,18,27,21,4,9,2,23,24,30,15
2017-18,1610612747,Los Angeles Lakers,82,35,47,0.427,48.5,16.3,14.2,17.5,51.9,18.2,13.5,12.7,49,1,21,21,21,3,18,2,2,3,26,27,20,30
2017-18,1610612763,Memphis Grizzlies,82,22,60,0.268,48.1,17.1,11.7,13.2,42.3,17.3,11.8,14.3,42.1,1,29,29,29,27,10,20,11,24,21,10,28,3
2017-18,1610612748,Miami Heat,82,44,38,0.537,48.6,16.5,11.3,9.3,44.9,15.6,11.8,11,43.5,1,15,15,15,2,15,24,27,12,11,11,7,9
2017-18,1610612749,Milwaukee Bucks,82,44,38,0.537,48.4,18.3,10.5,14.6,47.4,15.8,13,10.1,47.3,1,15,15,15,8,2,28,6,7,14,20,3,23
2017-18,1610612750,Minnesota Timberwolves,82,47,35,0.573,48.3,17.8,13.6,9.7,49.2,15.2,13,12.9,45.7,1,12,12,12,12,4,6,25,4,9,21,21,20
2017-18,1610612740,New Orleans Pelicans,82,48,34,0.585,48.7,16.3,11.9,15.3,52.4,17.3,13.8,14.2,47.7,1,8,8,8,1,16,18,3,1,20,30,26,26
2017-18,1610612752,New York Knicks,82,29,53,0.354,48.4,15.1,13.4,8.6,46.7,17.4,13.2,11.4,43.4,1,22,22,22,8,25,8,29,9,23,26,13,7
2017-18,1610612760,Oklahoma City Thunder,82,48,34,0.585,48.4,18.7,15,15.2,43.9,14.4,12.8,11.2,43.5,1,8,8,8,8,1,1,4,17,2,18,9,8
2017-18,1610612753,Orlando Magic,82,25,57,0.305,48.1,15.6,10.9,12.6,45.6,17,12.8,12.9,48.3,1,26,26,26,23,22,27,12,11,18,17,21,29
2017-18,1610612755,Philadelphia 76ers,82,52,30,0.634,48.2,16.9,13.7,11.5,47.2,18.5,12.3,10.3,41.6,1,5,5,5,16,12,5,16,8,27,14,4,1
2017-18,1610612756,Phoenix Suns,82,21,61,0.256,48.1,15,12.9,14.4,46.1,18.6,13.2,14.6,47.1,1,30,30,30,27,27,12,7,10,29,23,29,22
2017-18,1610612757,Portland Trail Blazers,82,49,33,0.598,48.2,14,13.5,8.1,43,14.9,11.7,11.3,42.1,1,7,7,7,18,30,7,30,23,5,9,10,3
2017-18,1610612758,Sacramento Kings,82,27,55,0.329,48.2,15.2,11.4,10.4,43.5,15.7,11.6,12.3,42.2,1,24,24,24,18,24,22,20,22,12,8,17,5
2017-18,1610612759,San Antonio Spurs,82,47,35,0.573,48.1,16.3,13.4,10.3,43.8,15,12.2,12.5,44.1,1,12,12,12,23,16,9,22,19,8,13,19,12
2017-18,1610612761,Toronto Raptors,82,59,23,0.72,48.4,17.2,13,13.3,48.6,15,13.2,11.6,45.3,1,2,2,2,8,9,11,10,6,7,24,14,18
2017-18,1610612762,Utah Jazz,82,48,34,0.585,48.2,16.8,11.4,10.2,44.4,16.4,10.8,9.5,41.8,1,8,8,8,18,13,23,23,14,16,2,1,2
2017-18,1610612764,Washington Wizards,82,43,39,0.524,48.4,17.2,12.7,11.6,42.3,17.1,13.1,11,45.4,1,17,17,17,5,8,13,15,25,19,22,8,19
2018-19,1610612737,Atlanta Hawks,82,29,53,0.354,48.4,17,14.1,15.2,51.1,21.1,14.6,16.5,49.3,1,26,26,26,7,11,8,8,8,30,28,29,18
2018-19,1610612738,Boston Celtics,82,49,33,0.598,48.2,18.1,12.5,16.2,44.8,14.8,13.5,13.2,45.9,1,9,9,9,18,5,23,7,23,4,16,11,5
2018-19,1610612751,Brooklyn Nets,82,42,40,0.512,48.7,15.4,13.8,11.6,48.8,17.3,14.4,11.8,51.2,1,14,14,14,1,22,9,22,18,24,27,4,25
2018-19,1610612766,Charlotte Hornets,82,39,43,0.476,48.4,16.1,13,11.7,46.8,13.7,13.4,13.3,49,1,17,17,17,11,17,18,20,20,1,15,12,16
2018-19,1610612741,Chicago Bulls,82,22,60,0.268,48.5,15.2,11,12.1,50.8,16.6,13.4,13,49.1,1,27,27,27,3,25,30,18,9,17,14,10,17
2018-19,1610612739,Cleveland Cavaliers,82,19,63,0.232,48.2,14.4,13.5,10.6,44.5,16.8,12.7,14,50,1,28,28,28,24,29,11,27,25,19,10,17,20
2018-19,1610612742,Dallas Mavericks,82,33,49,0.402,48.2,14.5,12.9,12.3,44.5,15.6,13,16.7,47.7,1,22,22,22,18,28,19,17,24,10,12,30,11
2018-19,1610612743,Denver Nuggets,82,54,28,0.659,48.1,15.7,15.5,12.6,52.1,15,12.1,12.2,48.9,1,4,4,4,27,19,1,15,4,6,5,6,15
2018-19,1610612765,Detroit Pistons,82,41,41,0.5,48.4,15.8,13.3,10,44.8,16,11.3,11.9,49.9,1,16,16,16,7,18,15,29,22,12,3,5,19
2018-19,1610612744,Golden State Warriors,82,57,25,0.695,48.3,16.3,12.5,19.1,43.2,17.4,13.8,15.1,47.1,1,3,3,3,15,15,22,3,28,25,21,24,7
2018-19,1610612745,Houston Rockets,82,53,29,0.646,48.4,18,13.1,12,42.1,16.3,13.7,13.8,51.8,1,5,5,5,11,6,16,19,30,14,17,15,28
2018-19,1610612754,Indiana Pacers,82,48,34,0.585,48.1,19.1,13.3,14.6,48.9,14.9,13.3,14,44.8,1,11,11,11,30,3,12,12,17,5,13,16,4
2018-19,1610612746,LA Clippers,82,48,34,0.585,48.4,15.5,13.1,14.3,51.2,17.7,13.8,14.8,51.1,1,11,11,11,11,21,17,13,7,26,22,23,23
2018-19,1610612747,Los Angeles Lakers,82,37,45,0.451,48.2,16.8,12.9,19.3,55.6,18.5,14,15.9,50.3,1,20,20,20,18,12,20,2,2,28,23,27,21
2018-19,1610612763,Memphis Grizzlies,82,33,49,0.402,48.5,17.2,11.2,12.3,46.3,16.6,11.6,16.3,42.7,1,22,22,22,4,10,29,16,21,18,4,28,3
2018-19,1610612748,Miami Heat,82,39,43,0.476,48.1,15.5,14.1,9.9,48.9,17.1,13.7,12.5,42.3,1,17,17,17,27,20,7,30,16,22,18,8,2
2018-19,1610612749,Milwaukee Bucks,82,60,22,0.732,48.2,16.7,11.7,17.7,53.3,14.6,12.1,11,42.2,1,1,1,1,18,13,27,6,3,2,5,1,1
2018-19,1610612750,Minnesota Timberwolves,82,36,46,0.439,48.4,17.5,15,11.7,49.5,15.1,14.8,13.6,48.9,1,21,21,21,11,8,3,21,13,8,29,14,14
2018-19,1610612740,New Orleans Pelicans,82,33,49,0.402,48.2,16.1,14.4,14.8,58.2,18,13.7,15.7,51.6,1,22,22,22,24,16,5,11,1,27,18,25,27
2018-19,1610612752,New York Knicks,82,17,65,0.207,48.2,14.7,13.3,11.1,44,16.4,14.1,11.7,50.6,1,30,30,30,18,27,12,23,26,16,24,3,22
2018-19,1610612760,Oklahoma City Thunder,82,49,33,0.598,48.4,19.2,15.5,18.2,51.8,16,12.5,12.3,48.4,1,9,9,9,7,2,2,5,6,12,8,7,13
2018-19,1610612753,Orlando Magic,82,42,40,0.512,48.2,15.2,12.4,10.8,44,14.7,10.9,12.7,47.2,1,14,14,14,18,24,25,25,27,3,1,9,8
2018-19,1610612755,Philadelphia 76ers,82,51,31,0.622,48.3,15.3,14.1,15,49.4,17.3,12.3,14.7,51.2,1,7,7,7,15,23,6,10,14,23,7,22,24
2018-19,1610612756,Phoenix Suns,82,19,63,0.232,48.5,18.2,12.1,15.2,49.8,19.5,15.5,15.8,53,1,28,28,28,4,4,26,9,12,29,30,26,30
2018-19,1610612757,Portland Trail Blazers,82,53,29,0.646,48.4,15,15,11,49.3,15.3,13.7,14.1,47.8,1,5,5,5,7,26,4,24,15,9,20,19,12
2018-19,1610612758,Sacramento Kings,82,39,43,0.476,48.1,19.3,13.7,20.9,51.9,16.4,14.4,14.2,51.2,1,17,17,17,27,1,10,1,5,15,26,21,26
2018-19,1610612759,San Antonio Spurs,82,48,34,0.585,48.3,14.1,11.5,10.4,43.2,15,12.6,14.1,46.6,1,11,11,11,15,30,28,28,28,6,9,19,6
2018-19,1610612761,Toronto Raptors,82,58,24,0.707,48.5,17.2,12.7,18.4,48.5,15.9,12.9,13.5,47.5,1,2,2,2,4,9,21,4,19,11,11,13,9
2018-19,1610612762,Utah Jazz,82,50,32,0.61,48.2,16.5,13.3,10.6,49.8,16.9,11.2,11.4,47.7,1,8,8,8,24,14,14,26,11,20,2,2,10
2018-19,1610612764,Washington Wizards,82,32,50,0.39,48.6,17.7,12.4,14.1,50,17,14.1,14,52.1,1,25,25,25,2,7,24,14,10,21,24,17,29
2019-20,1610612737,Atlanta Hawks,67,20,47,0.299,48.6,16.7,13.3,12.9,50.4,19.5,15,14.8,53.6,23,26,28,27,23,15,12,17,3,28,29,25,30
2019-20,1610612738,Boston Celtics,72,48,24,0.667,48.4,17.6,13.3,15.2,47.8,15.1,13.2,13.2,43.4,11,5,5,5,13,8,15,6,15,5,15,17,3
2019-20,1610612751,Brooklyn Nets,72,35,37,0.486,48.6,14.8,13.6,13.1,49.6,17,13.2,13.1,46.4,11,14,14,14,11,26,8,16,6,17,17,16,10
2019-20,1610612766,Charlotte Hornets,65,23,42,0.354,48.5,16.2,13.4,11.6,46.5,16.8,13.2,11.8,50.5,26,23,21,22,26,21,11,23,21,14,16,3,23
2019-20,1610612741,Chicago Bulls,65,22,43,0.338,48.2,21.2,13.3,14.8,49.5,17.8,12.7,12.5,49.6,26,24,23,24,29,1,14,7,7,24,12,7,21
2019-20,1610612739,Cleveland Cavaliers,65,19,46,0.292,48.4,14.4,13.5,10.5,49.3,20,12.7,14.4,53.6,26,28,26,29,27,28,10,27,10,30,13,23,29
2019-20,1610612742,Dallas Mavericks,75,43,32,0.573,48.5,14.6,14.5,11.7,44.8,14.3,13.4,16.4,48.8,1,12,13,13,1,27,3,22,26,1,20,29,19
2019-20,1610612743,Denver Nuggets,73,46,27,0.63,48.6,16.6,14.2,11.8,49.8,16.2,12.2,12.4,48.2,3,6,6,6,3,17,4,21,5,8,7,6,16
2019-20,1610612765,Detroit Pistons,66,20,46,0.303,48.4,15.9,13.3,11,48.2,17.3,13.2,12.7,52,24,26,26,26,24,23,13,26,13,19,19,10,27
2019-20,1610612744,Golden State Warriors,65,15,50,0.231,48.4,17.1,11.9,13.8,43.8,18,13.5,15,48.8,26,30,30,30,27,12,25,10,29,27,23,26,20
2019-20,1610612745,Houston Rockets,72,44,28,0.611,48.3,18.9,12.1,14.6,45.9,17.8,14.1,15.1,51.5,11,8,7,8,16,4,24,9,22,22,27,27,26
2019-20,1610612754,Indiana Pacers,73,45,28,0.616,48.3,17.3,11.8,12.8,49.3,15,13.2,13.6,47.6,3,7,7,7,5,10,27,18,8,4,18,19,14
2019-20,1610612746,LA Clippers,72,49,23,0.681,48.3,17.9,14.2,13.7,47.7,16.5,12.4,13.3,44.6,11,4,4,4,16,7,5,11,16,10,8,18,6
2019-20,1610612747,Los Angeles Lakers,71,52,19,0.732,48.1,19,14.1,18.4,52.8,17.4,12,16.5,45.8,21,3,2,3,22,3,6,2,2,20,5,30,8
2019-20,1610612763,Memphis Grizzlies,73,34,39,0.466,48.1,17.1,13.7,17.2,55.9,17.9,13.6,13.9,45.3,3,16,15,16,9,11,7,4,1,26,24,22,7
2019-20,1610612748,Miami Heat,73,44,29,0.603,48.6,16.2,11.8,11.3,43.9,17.9,12.8,11.4,44.1,3,8,11,11,3,20,27,24,28,25,14,2,5
2019-20,1610612749,Milwaukee Bucks,73,56,17,0.767,48.2,16.6,12.3,18,49.3,16.9,11.3,13.6,38.7,3,1,1,1,6,17,22,3,9,16,2,20,1
2019-20,1610612750,Minnesota Timberwolves,64,19,45,0.297,48.6,16.6,13.5,11.3,49.2,17.8,13.5,13,51.2,30,28,24,28,30,19,9,25,11,23,21,15,24
2019-20,1610612740,New Orleans Pelicans,72,30,42,0.417,48.4,16.7,14.5,16.6,49.8,19.6,13.6,15.4,52.2,11,21,21,21,13,16,2,5,4,29,26,28,28
2019-20,1610612752,New York Knicks,66,21,45,0.318,48.4,15.7,15.3,9.4,48.6,17.5,12.6,12.8,43.8,24,25,24,25,24,25,1,30,12,21,10,13,4
2019-20,1610612760,Oklahoma City Thunder,72,44,28,0.611,48.4,16.9,10.7,9.5,45.7,16,12.6,10.9,48.4,11,8,7,8,13,14,30,29,23,7,11,1,18
2019-20,1610612753,Orlando Magic,73,33,40,0.452,48.1,17,12.7,11.9,45.4,14.3,11.2,11.9,46.3,3,18,19,18,9,13,19,20,25,2,1,4,9
2019-20,1610612755,Philadelphia 76ers,73,43,30,0.589,48.2,15.9,13.1,13.5,47.5,16.4,11.6,13.7,48.1,3,12,12,12,6,22,17,12,17,9,3,21,15
2019-20,1610612756,Phoenix Suns,73,34,39,0.466,48.2,18.5,12.2,14.7,47.8,16.6,12.5,12.7,49.8,3,16,15,16,6,6,23,8,14,12,9,12,22
2019-20,1610612757,Portland Trail Blazers,74,35,39,0.473,48.2,14.3,12.7,13.2,44.6,14.5,15.5,14.8,47,2,14,15,15,2,30,18,15,27,3,30,24,12
2019-20,1610612758,Sacramento Kings,72,31,41,0.431,48.5,17.4,12.7,12.7,47,16.5,11.9,12.1,46.6,11,20,20,20,12,9,20,19,19,11,4,5,11
2019-20,1610612759,San Antonio Spurs,71,32,39,0.451,48.5,15.7,11,13.3,43.6,15.1,13.6,13,48.2,21,19,15,19,21,24,29,14,30,6,25,14,17
2019-20,1610612761,Toronto Raptors,72,53,19,0.736,48.3,19.5,11.9,18.8,46.8,16.9,13.5,12.7,41.5,11,2,2,2,16,2,26,1,20,15,22,11,2
2019-20,1610612762,Utah Jazz,72,44,28,0.611,48.2,14.3,12.4,10.5,47.1,17.1,12.1,12.5,47.4,11,8,7,8,19,29,21,28,18,18,6,8,13
2019-20,1610612764,Washington Wizards,72,25,47,0.347,48.2,18.6,13.1,13.4,45.6,16.7,14.4,12.7,51.4,11,22,28,23,19,5,16,13,24,13,28,9,25
2020-21,1610612737,Atlanta Hawks,72,41,31,0.569,48.3,14.7,14.3,10,47.8,15.9,13.2,11.8,48.7,1,11,11,11,11,25,4,28,13,11,17,9,20
2020-21,1610612738,Boston Celtics,72,36,36,0.5,48.3,17.8,13.3,11.8,46.3,15.8,13.2,11.8,44.3,1,16,16,16,16,9,9,17,19,9,19,10,5
2020-21,1610612751,Brooklyn Nets,72,48,24,0.667,48.3,15.8,12.3,14.3,49.2,16.1,15.3,12.1,47.8,1,4,4,4,11,20,24,6,11,14,29,15,17
2020-21,1610612766,Charlotte Hornets,72,33,39,0.458,48.2,17.7,12.7,13.6,45.9,16.9,13.2,13.2,47.2,1,19,19,19,19,10,20,10,20,19,17,21,10
2020-21,1610612741,Chicago Bulls,72,31,41,0.431,48.3,14.5,13.2,11.5,49.4,17.8,11.6,11.7,48.9,1,21,21,21,16,26,11,20,9,27,3,8,21
2020-21,1610612739,Cleveland Cavaliers,72,22,50,0.306,48.4,16.3,12.9,11.3,51,17.9,12.1,12.9,50.6,1,26,26,26,6,16,16,22,6,28,8,19,27
2020-21,1610612742,Dallas Mavericks,72,42,30,0.583,48.1,14.5,12.3,11.4,44.2,14.6,13.1,12.4,45.2,1,8,8,8,24,27,23,21,25,3,15,17,7
2020-21,1610612743,Denver Nuggets,72,47,25,0.653,48.6,18,13.8,12.4,49.7,15.6,11.3,13.4,45.2,1,5,5,5,1,7,6,13,8,7,1,23,6
2020-21,1610612765,Detroit Pistons,72,20,52,0.278,48.4,16.5,12.7,10.7,47.4,17.3,13.4,11.6,51.3,1,29,29,29,6,14,19,25,16,23,21,5,28
2020-21,1610612744,Golden State Warriors,72,39,33,0.542,48.1,17.4,10.5,14.4,45.4,17.5,14.2,13.3,47.3,1,14,14,14,24,13,29,5,21,25,27,22,13
2020-21,1610612745,Houston Rockets,72,17,55,0.236,48.1,18,12.2,11.1,46.7,17.5,13.1,14.7,50,1,30,30,30,24,5,26,24,18,24,16,30,25
2020-21,1610612754,Indiana Pacers,72,34,38,0.472,48.5,18,12.8,16.6,54,16,15.3,13.7,53.8,1,17,17,17,4,5,18,2,3,13,30,24,30
2020-21,1610612746,LA Clippers,72,47,25,0.653,48,16,13,10.3,42.2,15.4,11.8,11.9,47.2,1,5,5,5,30,19,14,26,28,6,6,12,12
2020-21,1610612747,Los Angeles Lakers,72,42,30,0.583,48.5,17.4,13.3,13.3,49.9,16.6,11.3,12.2,48.2,1,8,8,8,4,12,10,11,7,16,2,16,19
2020-21,1610612763,Memphis Grizzlies,72,38,34,0.528,48.3,18.5,15,17.3,55.8,16.6,12.4,13.7,47.5,1,15,15,15,11,3,1,1,1,15,12,26,16
2020-21,1610612748,Miami Heat,72,40,32,0.556,48.3,17.7,10.1,11.9,44.4,16.7,12.3,10.4,41.3,1,13,13,13,16,10,30,16,23,17,10,1,1
2020-21,1610612749,Milwaukee Bucks,72,46,26,0.639,48.1,16.3,13.2,14.5,48.8,15.9,13,10.7,43.1,1,7,7,7,22,16,12,4,12,12,14,3,3
2020-21,1610612750,Minnesota Timberwolves,72,23,49,0.319,48.3,18.6,13.7,12.1,49.3,16.8,14.5,14,49.8,1,25,25,25,11,2,7,14,10,18,28,27,24
2020-21,1610612740,New Orleans Pelicans,72,31,41,0.431,48.4,15.3,14.9,14.1,54.4,18.3,11.9,13,46.7,1,21,21,21,6,22,2,8,2,29,7,20,9
2020-21,1610612752,New York Knicks,72,41,31,0.569,48.4,15.1,12.4,8.9,44,15,12.2,10.5,43.8,1,11,11,11,6,23,22,30,26,5,9,2,4
2020-21,1610612760,Oklahoma City Thunder,72,22,50,0.306,48.2,14.2,11.7,9.2,47.7,20,13.4,11.6,49.5,1,26,26,26,19,28,28,29,15,30,22,5,23
2020-21,1610612753,Orlando Magic,72,21,51,0.292,48.1,13.4,13.2,10.3,41.6,15.8,11.7,14.2,47.2,1,28,28,28,22,30,13,27,29,10,5,28,11
2020-21,1610612755,Philadelphia 76ers,72,49,23,0.681,48.4,18.1,13.9,15.2,47.3,17.2,11.6,14.3,46,1,3,3,3,6,4,5,3,17,22,4,29,8
2020-21,1610612756,Phoenix Suns,72,51,21,0.708,48.6,16.1,12.9,13.1,45.3,14.8,12.4,12,47.4,1,2,2,2,1,18,17,12,22,4,13,13,15
2020-21,1610612757,Portland Trail Blazers,72,42,30,0.583,48.1,14.9,14.6,11.6,39.3,14.1,13.8,13.7,47.3,1,8,8,8,24,24,3,19,30,1,24,24,14
2020-21,1610612758,Sacramento Kings,72,31,41,0.431,48.1,16.4,12.2,14.1,53.3,17,14,12.6,53.4,1,21,21,21,24,15,25,7,4,21,26,18,29
2020-21,1610612759,San Antonio Spurs,72,33,39,0.458,48.6,15.7,12.1,11.7,47.8,14.3,13.3,11.9,50.1,1,19,19,19,1,21,27,18,13,2,20,11,26
2020-21,1610612761,Toronto Raptors,72,27,45,0.375,48.1,18.6,12.5,13.7,43.6,15.6,13.9,11.6,42.9,1,24,24,24,24,1,21,9,27,8,25,5,2
2020-21,1610612762,Utah Jazz,72,52,20,0.722,48.2,14.1,13.6,11.9,44.2,17,12.4,12.1,49.1,1,1,1,1,19,29,8,15,24,20,11,14,22
2020-21,1610612764,Washington Wizards,72,34,38,0.472,48.3,18,13,11.2,52.8,17.6,13.7,10.7,48.2,1,17,17,17,11,8,15,23,5,26,23,4,18
2021-22,1610612737,Atlanta Hawks,82,43,39,0.524,48.1,15.6,12.2,9.7,45.7,15.1,12.7,12.2,48,1,16,16,16,30,21,22,30,20,6,11,17,19
2021-22,1610612738,Boston Celtics,82,51,31,0.622,48.5,16.3,13,11.1,46.5,15.2,12.5,11.5,42.5,1,6,6,6,2,13,16,21,17,7,5,8,2
2021-22,1610612751,Brooklyn Nets,82,44,38,0.537,48.2,15.7,13.7,13.7,46,17.2,13.7,14,47.3,1,14,14,14,19,19,10,8,18,25,22,25,15
2021-22,1610612766,Charlotte Hornets,82,43,39,0.524,48.5,18.6,13.5,16.3,51.4,16.3,15,13.9,48.1,1,16,16,16,3,3,13,2,3,15,29,24,20
2021-22,1610612741,Chicago Bulls,82,46,36,0.561,48.1,16.4,11.1,12.7,45.8,15.3,12.7,12,49.6,1,12,12,12,24,12,28,13,19,8,9,13,22
2021-22,1610612739,Cleveland Cavaliers,82,44,38,0.537,48.1,15.8,12.6,11.2,48.4,17.4,12.5,12.2,46.6,1,14,14,14,24,17,19,20,11,27,3,15,12
2021-22,1610612742,Dallas Mavericks,82,52,30,0.634,48.2,14.9,11,10,42.9,14.4,13.1,12,47.1,1,5,5,5,19,26,29,28,29,2,17,12,14
2021-22,1610612743,Denver Nuggets,82,48,34,0.585,48.3,15.6,12.5,13.5,49.3,17.3,11.4,12.5,49.9,1,10,10,10,8,22,20,10,6,26,1,19,24
2021-22,1610612765,Detroit Pistons,82,23,59,0.28,48.2,17,13.6,10.5,45.6,16.9,12.5,11,49.7,1,28,28,28,13,8,12,26,21,21,4,3,23
2021-22,1610612744,Golden State Warriors,82,53,29,0.646,48.1,17.6,12.6,13.8,44.7,16.9,12.7,12.3,43.9,1,3,3,3,24,6,18,7,25,21,9,18,5
2021-22,1610612745,Houston Rockets,82,20,62,0.244,48.2,16.1,14.2,12.2,48.9,21.2,14.7,15.8,53.2,1,30,30,30,19,15,9,17,10,30,26,30,30
2021-22,1610612754,Indiana Pacers,82,25,57,0.305,48.5,14.5,14.7,13.3,49.7,17.1,13.6,13.4,51.5,1,26,26,26,3,28,6,11,5,23,20,22,29
2021-22,1610612746,LA Clippers,82,42,40,0.512,48.2,15.4,10.9,11.9,43.4,16.5,15,13,50.1,1,18,18,18,13,23,30,18,27,18,30,20,25
2021-22,1610612747,Los Angeles Lakers,82,33,49,0.402,48.7,16.1,12.1,14.8,49.2,17.1,13.4,15,51.5,1,23,23,23,1,16,24,5,7,24,18,29,28
2021-22,1610612763,Memphis Grizzlies,82,56,26,0.683,48.2,18.3,18.7,17.7,57.6,14.5,13,13.2,47.4,1,2,2,2,13,4,1,1,1,3,14,21,16
2021-22,1610612748,Miami Heat,82,53,29,0.646,48.4,17.2,12.7,10.9,43,16.7,12.6,12.2,41.3,1,3,3,3,5,7,17,22,28,19,6,15,1
2021-22,1610612749,Milwaukee Bucks,82,51,31,0.622,48.2,15.1,13.5,13.1,45,15.6,12.9,11.5,43.7,1,6,6,6,19,24,14,12,24,12,12,7,4
2021-22,1610612750,Minnesota Timberwolves,82,46,36,0.561,48.2,19.8,14.8,15.2,47.7,16.2,14.1,14.1,46.1,1,12,12,12,13,1,5,4,14,14,25,26,11
2021-22,1610612740,New Orleans Pelicans,82,36,46,0.439,48.2,16.6,15.1,14.3,48.4,16.1,12.6,11.2,45.3,1,20,20,20,19,9,3,6,11,13,7,4,9
2021-22,1610612752,New York Knicks,82,37,45,0.451,48.2,15.6,14.5,10.6,41.5,15.4,12.3,11.3,43.2,1,19,19,19,13,20,7,25,30,10,2,5,3
2021-22,1610612760,Oklahoma City Thunder,82,24,58,0.293,48.3,14.9,11.9,10.6,46.9,16.5,13.9,10.7,47.7,1,27,27,27,8,25,25,24,16,16,24,2,18
2021-22,1610612753,Orlando Magic,82,22,60,0.268,48.2,14.2,12.4,10.8,45.4,16.8,13.4,12.2,44.5,1,29,29,29,13,29,21,23,22,20,19,14,6
2021-22,1610612755,Philadelphia 76ers,82,51,31,0.622,48.3,15.7,11.3,12.2,45,14.9,13,15,46.7,1,6,6,6,8,18,27,16,23,5,15,28,13
2021-22,1610612756,Phoenix Suns,82,64,18,0.78,48.1,18.1,12.1,12.5,49.8,14.8,13.6,11.3,45.2,1,1,1,1,24,5,23,14,4,4,21,6,8
2021-22,1610612757,Portland Trail Blazers,82,27,55,0.329,48.1,16.6,13.6,12.4,43.8,17.5,13,14.3,47.5,1,25,25,25,24,10,11,15,26,28,15,27,17
2021-22,1610612758,Sacramento Kings,82,30,52,0.366,48.3,16.3,13.1,11.7,49,17.9,14.8,13.4,51.4,1,24,24,24,8,14,15,19,9,29,27,23,27
2021-22,1610612759,San Antonio Spurs,82,34,48,0.415,48.3,16.5,14.3,13.6,53.3,15.3,14.9,11.8,50.2,1,22,22,22,8,11,8,9,2,9,28,10,26
2021-22,1610612761,Toronto Raptors,82,48,34,0.585,48.4,19,16.5,15.8,47.1,14.3,13.9,11.7,45.1,1,10,10,10,5,2,2,3,15,1,23,9,7
2021-22,1610612762,Utah Jazz,82,49,33,0.598,48.1,14.7,14.9,10.1,47.9,16.5,12.9,11.9,45.3,1,9,9,9,24,27,4,27,13,17,13,11,10
2021-22,1610612764,Washington Wizards,82,35,47,0.427,48.4,14,11.9,9.8,49.1,15.4,12.6,9.4,48.2,1,21,21,21,7,30,25,29,8,11,8,1,21
2022-23,1610612737,Atlanta Hawks,82,41,41,0.5,48.4,17,14.3,13.4,54.3,15.7,14.1,15.4,54.7,1,17,17,17,8,16,9,18,7,9,20,26,29
2022-23,1610612738,Boston Celtics,82,57,25,0.695,48.7,15.9,12.7,14,46.4,15.4,12.7,13.2,48.9,1,2,2,2,1,22,22,15,23,5,7,10,9
2022-23,1610612751,Brooklyn Nets,82,45,37,0.549,48.1,16.4,11,14.7,44,16.8,14.6,13.3,50.1,1,9,9,9,29,17,28,8,29,15,25,12,15
2022-23,1610612766,Charlotte Hornets,82,27,55,0.329,48.4,17.3,14.2,15.3,53,16.9,14.3,12.2,52.8,1,27,27,27,12,13,12,6,11,16,21,3,22
2022-23,1610612741,Chicago Bulls,82,40,42,0.488,48.5,18.3,10.6,14,48.4,15.6,11.9,12.9,46.9,1,19,19,19,4,4,30,15,19,7,2,7,4
2022-23,1610612739,Cleveland Cavaliers,82,51,31,0.622,48.5,19.4,12.5,12.7,52.8,15.5,12.1,12.7,46.3,1,5,5,5,5,3,23,24,13,6,4,6,3
2022-23,1610612742,Dallas Mavericks,82,38,44,0.463,48.6,16,10.9,11,42.8,15,14.5,13.3,51.1,1,21,21,21,3,20,29,29,30,3,23,11,18
2022-23,1610612743,Denver Nuggets,82,53,29,0.646,48.2,15.9,13,16.2,55,17.4,13.4,13.7,52.5,1,4,4,4,25,22,20,5,4,19,14,14,21
2022-23,1610612765,Detroit Pistons,82,17,65,0.207,48.3,16,14.9,11.7,46.5,18.1,14.8,13.5,54,1,30,30,30,18,21,7,27,22,23,27,13,28
2022-23,1610612744,Golden State Warriors,82,44,38,0.537,48.4,17.6,13.6,14.5,44.9,19.4,13.3,14.1,49.8,1,11,11,11,12,10,16,13,28,29,9,18,14
2022-23,1610612745,Houston Rockets,82,22,60,0.268,48.2,15.6,16.7,12.9,54.9,20.6,13,17.5,49,1,28,28,28,25,26,1,20,5,30,8,30,10
2022-23,1610612754,Indiana Pacers,82,35,47,0.427,48.2,17.2,13.7,18.1,49.6,18.4,15.4,15,53.7,1,23,23,23,25,14,15,1,18,26,29,22,27
2022-23,1610612746,LA Clippers,82,44,38,0.537,48.4,16,11.8,12.9,45.5,18.1,13.3,14.6,51.1,1,11,11,11,12,19,26,21,27,23,11,21,19
2022-23,1610612747,Los Angeles Lakers,82,43,39,0.524,48.5,14,13.5,16.7,54.5,17,13.9,15.4,52.8,1,14,14,14,5,29,17,4,6,17,19,27,23
2022-23,1610612763,Memphis Grizzlies,82,51,31,0.622,48.2,17.7,15.3,18,58.4,15.6,14.5,13.8,47.5,1,5,5,5,22,8,6,2,1,8,24,16,5
2022-23,1610612748,Miami Heat,82,44,38,0.537,48.3,18.2,12.9,11.5,46.4,15.9,12,12.5,46.2,1,11,11,11,18,6,21,28,24,10,3,4,2
2022-23,1610612749,Milwaukee Bucks,82,58,24,0.707,48.4,13.7,14.3,13.1,46,16.5,13.4,13,49.6,1,1,1,1,12,30,9,19,26,13,12,8,13
2022-23,1610612750,Minnesota Timberwolves,82,42,40,0.512,48.4,18,12.3,14.7,54.3,17.7,13.7,14.4,50.8,1,15,15,15,12,7,24,8,7,20,17,20,17
2022-23,1610612740,New Orleans Pelicans,82,42,40,0.512,48.4,18.2,13.8,14.7,53.4,18,13.4,13.9,49.5,1,15,15,15,8,5,14,11,9,22,13,17,12
2022-23,1610612752,New York Knicks,82,47,35,0.573,48.7,15.6,16.2,12.8,52.1,15.3,13.3,12.7,45.9,1,8,8,8,2,25,3,22,15,4,10,5,1
2022-23,1610612760,Oklahoma City Thunder,82,40,42,0.488,48.4,20.6,13.9,14.6,55.2,14.8,15.5,11.9,50.7,1,19,19,19,8,2,13,12,3,2,30,2,16
2022-23,1610612753,Orlando Magic,82,34,48,0.415,48.2,17.5,14.2,12.8,50,18.2,13.5,14.4,47.6,1,25,25,25,22,12,11,23,17,25,15,19,6
2022-23,1610612755,Philadelphia 76ers,82,54,28,0.659,48.5,17.7,11.3,14.7,47.9,16.5,12.7,15.5,48.1,1,3,3,3,5,9,27,8,20,14,5,28,7
2022-23,1610612756,Phoenix Suns,82,45,37,0.549,48.2,17.1,14.8,10.5,46,16.1,13.9,13.2,48.6,1,9,9,9,22,15,8,30,25,11,18,9,8
2022-23,1610612757,Portland Trail Blazers,82,33,49,0.402,48.1,16.3,11.8,14.2,47.7,17.8,13.6,15.3,53.3,1,26,26,26,29,18,25,14,21,21,16,24,25
2022-23,1610612758,Sacramento Kings,82,48,34,0.585,48.4,17.6,13.3,14.9,52.3,16.3,12.7,11.5,53.5,1,7,7,7,12,11,19,7,14,12,6,1,26
2022-23,1610612759,San Antonio Spurs,82,22,60,0.268,48.4,15.8,15.8,13.5,55.6,19,14.7,15.3,56.7,1,28,28,28,8,24,5,17,2,28,26,24,30
2022-23,1610612761,Toronto Raptors,82,41,41,0.5,48.3,21,16.4,17.8,52.9,14.5,11.4,15.1,49.1,1,17,17,17,18,1,2,3,12,1,1,23,11
2022-23,1610612762,Utah Jazz,82,37,45,0.451,48.3,15.3,15.9,12,53.1,18.7,15.2,16.8,53,1,22,22,22,18,27,4,25,10,27,28,29,24
2022-23,1610612764,Washington Wizards,82,35,47,0.427,48.2,14.8,13.4,11.9,51.2,17,14.3,13.7,51.5,1,23,23,23,25,28,18,26,16,18,21,15,20
2023-24,1610612737,Atlanta Hawks,82,36,46,0.439,48.4,17.1,15.8,13.4,50.2,16.7,13.7,16.6,53.7,1,21,21,21,3,9,4,19,15,18,12,28,25
2023-24,1610612738,Boston Celtics,82,64,18,0.78,48.4,15.5,14.5,15.3,47,13.3,13.6,13,47.7,1,1,1,1,7,24,10,10,27,1,10,4,9
2023-24,1610612751,Brooklyn Nets,82,32,50,0.39,48.3,14.9,14.3,13.3,47.6,15.4,14,15.6,48.3,1,22,22,22,10,27,12,21,23,9,17,25,11
2023-24,1610612766,Charlotte Hornets,82,21,61,0.256,48.1,15.2,12.1,12.5,47.9,17.1,14.1,13.8,52.5,1,27,27,27,23,26,26,25,22,20,21,12,23
2023-24,1610612741,Chicago Bulls,82,39,43,0.476,48.7,17.2,13.6,12.5,48.4,15.2,13.8,13.3,45.4,1,20,20,20,1,8,15,26,21,8,15,7,1
2023-24,1610612739,Cleveland Cavaliers,82,48,34,0.585,48.3,16.6,13.6,14.8,50.1,17.4,12.9,14.3,46.5,1,11,11,11,10,12,17,12,16,24,6,15,4
2023-24,1610612742,Dallas Mavericks,82,50,32,0.61,48.1,16.5,13.4,15.8,47.4,15.1,14.3,15.7,51,1,6,6,6,26,13,20,8,24,7,24,26,20
2023-24,1610612743,Denver Nuggets,82,57,25,0.695,48.1,15.5,13.6,14.3,53.5,15.9,13.2,13.5,50.3,1,2,2,2,26,23,15,17,5,14,8,8,18
2023-24,1610612765,Detroit Pistons,82,14,68,0.171,48.2,14.5,13.2,14.3,50,19.6,13.9,14.2,54.5,1,30,30,30,21,30,21,15,17,30,16,14,27
2023-24,1610612744,Golden State Warriors,82,46,36,0.561,48.4,16.1,15.7,12.4,48.6,17.2,13.4,14.9,49.7,1,16,16,16,7,20,5,27,20,22,9,20,14
2023-24,1610612745,Houston Rockets,82,41,41,0.5,48.4,16.4,14.6,15.8,50,14.9,13.8,11.7,48.7,1,19,19,19,3,16,8,5,18,4,14,1,12
2023-24,1610612754,Indiana Pacers,82,47,35,0.573,48.1,17.7,14.9,16.6,57.9,15.8,14.8,13.7,58.4,1,12,12,12,26,4,7,4,1,12,26,11,30
2023-24,1610612746,LA Clippers,82,51,31,0.622,48.1,16.2,12.7,14.8,50.4,15.7,14,14.9,49.7,1,5,5,5,26,19,24,12,13,11,20,21,14
2023-24,1610612747,Los Angeles Lakers,82,47,35,0.573,48.4,16.3,10.5,17,55.6,17,14.9,16.2,51.3,1,12,12,12,3,17,30,3,2,19,27,27,21
2023-24,1610612763,Memphis Grizzlies,82,27,55,0.329,48.2,17.4,13.4,11.6,46,18.5,14,15.1,48.1,1,24,24,24,17,6,19,30,30,26,17,22,10
2023-24,1610612748,Miami Heat,82,46,36,0.561,48.2,16.5,11.5,12.8,47.2,15.8,13.2,13,46.4,1,16,16,16,21,15,28,22,25,13,7,5,3
2023-24,1610612749,Milwaukee Bucks,82,49,33,0.598,48.3,14.5,13.1,12.7,47.2,15,13.7,13.6,51,1,8,8,8,10,29,22,24,26,6,12,10,19
2023-24,1610612750,Minnesota Timberwolves,82,56,26,0.683,48.3,17,13.5,12.4,50.8,16.3,12.7,13.2,46.1,1,4,4,4,10,10,18,29,12,15,4,6,2
2023-24,1610612740,New Orleans Pelicans,82,49,33,0.598,48.1,17.6,14,15.1,51.3,15.6,12.8,13.6,46.6,1,8,8,8,26,5,13,11,10,10,5,9,5
2023-24,1610612752,New York Knicks,82,50,32,0.61,48.1,16.7,16.3,14.7,48.9,14.9,12.3,13.8,46.9,1,6,6,6,23,11,2,14,19,5,3,13,6
2023-24,1610612760,Oklahoma City Thunder,82,57,25,0.695,48.3,20.5,11.8,15.8,52.5,14.8,15.3,12.5,47,1,2,2,2,10,1,27,7,7,3,28,3,7
2023-24,1610612753,Orlando Magic,82,47,35,0.573,48.2,18.6,14.4,12.4,51.8,16.4,12.1,14.5,47.5,1,12,12,12,17,2,11,27,8,16,2,19,8
2023-24,1610612755,Philadelphia 76ers,82,47,35,0.573,48.2,17.7,15,15.8,50.3,14.4,13.6,15.4,50.1,1,12,12,12,17,3,6,5,14,2,11,24,17
2023-24,1610612756,Phoenix Suns,82,49,33,0.598,48.2,15.8,12.9,13.3,46.9,18.2,14,14.4,49.7,1,8,8,8,17,22,23,20,28,25,19,16,14
2023-24,1610612757,Portland Trail Blazers,82,21,61,0.256,48.5,15.8,16.1,12.7,46.9,19.1,14.2,17,53.5,1,27,27,27,2,21,3,23,29,28,22,29,24
2023-24,1610612758,Sacramento Kings,82,46,36,0.561,48.4,16.5,14.6,14.3,50.9,16.5,10.9,11.8,48.9,1,16,16,16,3,14,9,15,11,17,1,2,13
2023-24,1610612759,San Antonio Spurs,82,22,60,0.268,48.4,15.4,12.7,15.6,51.4,18.6,14.2,14.5,54.8,1,26,26,26,7,25,25,9,9,27,23,17,28
2023-24,1610612761,Toronto Raptors,82,25,57,0.305,48.3,16.2,13.9,18.7,54,17.2,15.6,14.5,54.3,1,25,25,25,10,18,14,1,4,23,29,18,26
2023-24,1610612762,Utah Jazz,82,31,51,0.378,48.3,14.9,16.5,13.8,53.3,19.3,14.4,18.4,51.8,1,23,23,23,10,28,1,18,6,29,25,30,22
2023-24,1610612764,Washington Wizards,82,15,67,0.183,48.1,17.2,11.4,17.6,54.8,17.1,16.4,15.1,58.4,1,29,29,29,23,7,29,2,3,20,30,23,29
2024-25,1610612737,Atlanta Hawks,82,40,42,0.488,48.2,19.1,14.6,17.2,55.2,19.3,13.7,16.5,50.5,1,16,16,16,15,5,12,6,3,26,13,21,21
2024-25,1610612738,Boston Celtics,82,61,21,0.744,48.4,15.5,14.2,11.9,41.2,13.2,12.8,13.6,46.2,1,3,3,3,8,25,16,29,30,2,5,4,4
2024-25,1610612751,Brooklyn Nets,82,26,56,0.317,48.2,17.1,13,14.3,43.5,19,13.3,16.1,49.6,1,25,25,25,17,17,22,23,28,24,8,19,17
2024-25,1610612766,Charlotte Hornets,82,19,63,0.232,48.2,14.7,16.3,11.8,45,19.5,13.6,16.6,47.9,1,28,28,28,19,29,4,30,25,27,10,24,10
2024-25,1610612741,Chicago Bulls,82,39,43,0.476,48.2,15.4,13,18.5,50.8,18.1,14.9,14.6,54,1,18,18,18,20,27,21,3,13,21,22,11,30
2024-25,1610612739,Cleveland Cavaliers,82,64,18,0.78,48.2,18.9,13.9,14.9,51.3,15.9,14,15.3,47.2,1,2,2,2,22,8,18,19,9,5,15,15,8
2024-25,1610612742,Dallas Mavericks,82,39,43,0.476,48.1,17,13.8,15.1,51,17.3,15.3,15.5,52.8,1,18,18,18,25,19,19,17,12,14,26,16,29
2024-25,1610612743,Denver Nuggets,82,50,32,0.61,48.4,16.9,14.4,20.1,58.5,17.8,14.8,16.6,51.1,1,6,6,6,5,20,13,1,1,18,21,23,24
2024-25,1610612765,Detroit Pistons,82,44,38,0.537,48.3,19,14.9,18.5,52.9,17.8,14.5,14.5,46.3,1,14,14,14,11,7,9,2,5,19,17,9,5
2024-25,1610612744,Golden State Warriors,82,48,34,0.585,48.1,19.7,15.6,14.5,44.9,16.4,12.8,14.2,45.7,1,11,11,11,26,2,7,20,26,8,3,8,2
2024-25,1610612745,Houston Rockets,82,52,30,0.634,48.2,17.6,18.1,17,51.5,15.8,13.7,13.8,49.8,1,4,4,4,14,15,1,7,7,4,12,5,18
2024-25,1610612754,Indiana Pacers,82,50,32,0.61,48.4,18.3,11.2,17.5,51,15.9,13.8,13.2,51.8,1,6,6,6,4,12,30,5,11,5,14,2,26
2024-25,1610612746,LA Clippers,82,50,32,0.61,48.3,19.3,12.9,15.7,51.4,17.4,12.3,15.1,46.5,1,6,6,6,10,4,23,15,8,15,2,12,6
2024-25,1610612747,Los Angeles Lakers,82,50,32,0.61,48.1,16.3,12.3,15.1,48.1,16.9,14.5,16.9,49.4,1,6,6,6,26,23,27,17,16,12,17,25,15
2024-25,1610612763,Memphis Grizzlies,82,48,34,0.585,48.1,18.5,16.3,16.7,56,19.7,14.9,16.5,48.2,1,11,11,11,30,10,3,8,2,28,23,21,12
2024-25,1610612748,Miami Heat,82,37,45,0.451,48.6,16.4,12,14.3,47.1,16.4,12.9,15.2,48.9,1,20,20,20,1,22,28,21,21,7,6,14,14
2024-25,1610612749,Milwaukee Bucks,82,48,34,0.585,48.2,15.5,11.5,13.5,44.3,16.8,13.6,15.2,47,1,11,11,11,20,25,29,27,27,10,11,13,7
2024-25,1610612750,Minnesota Timberwolves,82,49,33,0.598,48.4,17.6,15.1,13.6,47.2,17.4,13.5,14.2,48,1,10,10,10,7,14,8,26,20,17,9,7,11
2024-25,1610612740,New Orleans Pelicans,82,21,61,0.256,48.2,16.5,15.6,16.4,49.9,18.9,16.2,18,52.3,1,27,27,27,18,21,5,9,14,23,29,29,27
2024-25,1610612752,New York Knicks,82,51,31,0.622,48.5,19.4,14.3,15.7,52.5,15.7,12.8,14.5,50.2,1,5,5,5,2,3,15,14,6,3,4,10,20
2024-25,1610612760,Oklahoma City Thunder,82,68,14,0.829,48.1,21.8,14.8,16.1,51.1,12.7,15,12.3,42.5,1,1,1,1,29,1,11,11,10,1,24,1,1
2024-25,1610612753,Orlando Magic,82,41,41,0.5,48.1,19,14,13.8,45.8,17.3,11.9,13.9,45.7,1,15,15,15,24,6,17,25,24,13,1,6,3
2024-25,1610612755,Philadelphia 76ers,82,24,58,0.293,48.3,18.6,13,15.7,46.8,16.8,15.1,16.1,50.5,1,26,26,26,12,9,20,16,22,11,25,18,22
2024-25,1610612756,Phoenix Suns,82,36,46,0.439,48.4,15.7,12.4,12.7,42.2,17.9,14,17.1,49.4,1,21,21,21,6,24,26,28,29,20,16,26,15
2024-25,1610612757,Portland Trail Blazers,82,36,46,0.439,48.2,17.8,16.6,15.8,48.9,19.2,14.7,17.5,48.5,1,21,21,21,16,13,2,13,15,25,19,28,13
2024-25,1610612758,Sacramento Kings,82,40,42,0.488,48.5,17.4,14.4,14.3,48,16.7,13.1,13.3,47.4,1,16,16,16,3,16,14,21,17,9,7,3,9
2024-25,1610612759,San Antonio Spurs,82,34,48,0.415,48.1,17.1,12.6,16.2,47.9,17.4,15.8,15.5,50.5,1,23,23,23,26,18,25,10,19,16,28,17,22
2024-25,1610612761,Toronto Raptors,82,30,52,0.366,48.3,18.5,15.6,18.1,53.4,18.3,14.7,16.2,49.9,1,24,24,24,9,11,6,4,4,22,19,20,19
2024-25,1610612762,Utah Jazz,82,17,65,0.207,48.3,13.4,14.9,14,47.9,21.8,15.7,19.4,52.4,1,30,30,30,12,30,9,24,18,30,27,30,28
2024-25,1610612764,Washington Wizards,82,18,64,0.22,48.1,15.1,12.9,16,46.2,19.7,16.3,17.4,51.4,1,29,29,29,23,28,23,12,23,29,30,27,25
