leagueDefRtg,team,wins,losses,off_rtg,def_rtg,net_rtg,pace,efg_pct,tov_pct,orb_pct,ft_rate,opp_efg_pct,opp_tov_pct,drb_pct,opp_ft_rate
110.6,Milwaukee Bucks*,56,17,112.4,102.9,+9.5,105.1,.552,12.9,20.7,.201,.489,12.0,81.6,.178
110.6,Boston Celtics*,48,24,113.3,107.0,+6.3,99.5,.531,12.2,23.9,.207,.509,13.5,77.4,.215
110.6,Los Angeles Clippers*,49,23,113.9,107.6,+6.3,101.5,.535,12.6,23.5,.233,.506,12.2,77.6,.206
110.6,Toronto Raptors*,53,19,111.1,105.0,+6.1,100.9,.536,13.1,21.3,.210,.502,14.6,76.7,.202
110.6,Los Angeles Lakers*,52,19,112.0,106.3,+5.7,100.9,.542,13.3,24.5,.201,.515,14.1,78.8,.205
110.6,Dallas Mavericks*,43,32,116.7,111.7,+5.0,99.3,.545,11.2,23.2,.206,.525,10.6,77.7,.175
110.6,Miami Heat*,44,29,112.5,109.5,+3.0,98.3,.547,13.5,20.3,.234,.523,12.6,79.5,.213
110.6,Houston Rockets*,44,28,112.9,110.1,+2.8,103.7,.537,12.6,21.0,.228,.529,13.7,75.6,.197
110.6,Utah Jazz*,44,28,112.3,109.9,+2.4,98.6,.549,13.7,21.6,.208,.518,11.1,78.9,.185
110.6,Philadelphia 76ers*,43,30,111.3,109.0,+2.3,99.0,.534,12.7,23.9,.193,.523,12.5,80.3,.214
110.6,Denver Nuggets*,46,27,113.1,111.0,+2.1,97.1,.535,12.3,24.8,.183,.533,12.9,76.8,.198
110.6,Indiana Pacers*,45,28,110.0,108.0,+2.0,98.9,.534,12.0,20.0,.170,.511,13.0,76.7,.192
110.6,Oklahoma City Thunder*,44,28,110.8,108.8,+2.0,98.8,.530,12.4,19.3,.231,.518,12.6,76.8,.173
110.6,Phoenix Suns,34,39,111.7,111.4,+0.3,101.3,.532,13.0,22.2,.226,.539,13.7,78.8,.221
110.6,Brooklyn Nets*,35,37,108.9,109.5,-0.6,101.4,.520,13.1,23.2,.199,.511,11.0,77.8,.187
110.6,Orlando Magic*,33,40,108.5,109.5,-1.0,98.6,.506,11.5,22.3,.198,.535,13.2,79.1,.176
110.6,San Antonio Spurs,32,39,112.4,113.5,-1.1,100.5,.531,11.2,20.1,.212,.542,11.7,79.2,.193
110.6,Memphis Grizzlies,34,39,109.2,110.3,-1.1,102.8,.528,13.2,23.0,.183,.521,12.7,77.8,.217
110.6,Portland Trail Blazers*,35,39,113.7,114.8,-1.1,100.7,.533,11.2,22.4,.194,.530,11.2,75.3,.208
110.6,New Orleans Pelicans,30,42,110.7,111.9,-1.2,103.7,.539,13.9,24.2,.186,.532,12.4,77.8,.212
110.6,Sacramento Kings,31,41,110.2,112.2,-2.0,98.9,.534,13.0,21.9,.177,.543,13.6,78.4,.225
110.6,Chicago Bulls,22,43,106.7,109.8,-3.1,99.7,.515,13.7,22.8,.175,.546,16.3,75.6,.239
110.6,Detroit Pistons,20,46,109.0,112.7,-3.7,97.6,.529,13.8,22.6,.194,.541,12.7,75.9,.186
110.6,Minnesota Timberwolves,19,45,108.1,112.2,-4.1,103.4,.514,13.0,22.1,.209,.541,13.2,77.2,.218
110.6,Washington Wizards,25,47,110.9,115.5,-4.6,102.7,.523,12.2,22.2,.213,.558,13.9,75.3,.231
110.6,New York Knicks,21,45,106.5,113.0,-6.5,98.6,.501,12.6,25.8,.182,.541,12.4,78.3,.224
110.6,Charlotte Hornets,23,42,106.3,113.3,-7.0,95.8,.504,13.3,23.9,.188,.546,13.1,74.4,.159
110.6,Atlanta Hawks,20,47,107.2,114.8,-7.6,103.0,.515,13.8,21.6,.204,.543,12.7,74.9,.233
110.6,Cleveland Cavaliers,19,46,107.5,115.4,-7.9,98.7,.522,14.6,24.6,.172,.560,11.7,77.4,.164
110.6,Golden State Warriors,15,50,105.2,113.8,-8.6,100.3,.497,13.2,21.5,.212,.553,13.7,76.4,.193
110.6,League Average,,,110.6,110.6,,100.3,.529,12.8,22.5,.201,.529,12.8,77.5,.201
112.3,Utah Jazz*,52,20,117.6,108.3,+9.3,98.5,.563,12.7,24.5,.195,.507,10.3,79.3,.159
112.3,Los Angeles Clippers*,47,25,117.6,111.2,+6.4,96.9,.564,12.2,22.7,.186,.531,11.9,79.1,.186
112.3,Phoenix Suns*,51,21,117.2,111.3,+5.9,97.2,.564,11.5,20.8,.177,.534,12.4,78.5,.194
112.3,Milwaukee Bucks*,46,26,117.2,111.4,+5.8,102.2,.566,12.0,23.3,.177,.536,11.5,79.7,.157
112.3,Philadelphia 76ers*,49,23,113.2,107.6,+5.6,99.5,.541,12.8,23.2,.225,.521,13.8,78.2,.200
112.3,Denver Nuggets*,47,25,117.1,112.1,+5.0,97.1,.557,12.1,24.7,.176,.545,12.9,78.9,.200
112.3,Brooklyn Nets*,48,24,118.3,113.8,+4.5,99.5,.575,12.2,21.4,.208,.531,11.1,77.3,.187
112.3,Los Angeles Lakers*,42,30,109.9,107.1,+2.8,98.7,.536,13.6,22.5,.200,.526,13.7,79.7,.184
112.3,Dallas Mavericks*,42,30,115.4,113.0,+2.4,97.3,.550,11.1,21.1,.189,.534,11.5,77.8,.197
112.3,New York Knicks*,41,31,110.6,108.2,+2.4,95.9,.524,11.9,21.9,.190,.509,11.7,78.6,.196
112.3,Atlanta Hawks*,41,31,115.7,113.3,+2.4,97.6,.539,11.9,24.4,.226,.530,11.1,77.8,.190
112.3,Portland Trail Blazers*,42,30,117.8,116.0,+1.8,98.4,.540,9.9,23.0,.195,.546,11.2,77.5,.203
112.3,Boston Celtics*,36,36,114.0,112.5,+1.5,98.3,.543,12.5,24.3,.181,.539,12.8,78.1,.215
112.3,Golden State Warriors,39,33,111.1,110.1,+1.0,102.2,.551,13.3,17.9,.188,.522,13.1,76.6,.223
112.3,Memphis Grizzlies*,38,34,112.0,111.0,+1.0,100.4,.528,11.6,24.2,.179,.535,13.1,78.3,.196
112.3,Miami Heat*,40,32,111.2,111.2,0.0,96.6,.546,13.1,19.4,.199,.542,13.8,77.9,.183
112.3,Indiana Pacers,34,38,112.4,112.4,0.0,101.6,.542,11.9,20.2,.180,.531,12.7,74.9,.201
112.3,New Orleans Pelicans,31,41,113.5,113.8,-0.3,100.1,.537,12.7,26.3,.214,.550,11.9,80.0,.186
112.3,Toronto Raptors,27,45,112.0,112.5,-0.5,99.2,.529,11.9,20.8,.196,.543,14.4,76.3,.234
112.3,Chicago Bulls,31,41,111.1,112.0,-0.9,99.0,.547,13.6,22.3,.156,.538,11.6,80.3,.196
112.3,San Antonio Spurs,33,39,111.0,112.8,-1.8,98.9,.517,10.2,20.0,.192,.541,11.8,77.3,.174
112.3,Washington Wizards*,34,38,111.2,113.0,-1.8,104.1,.531,12.3,21.3,.221,.539,12.5,77.6,.217
112.3,Charlotte Hornets,33,39,110.9,112.8,-1.9,98.3,.532,13.3,23.5,.181,.550,13.2,75.7,.163
112.3,Sacramento Kings,31,41,113.6,117.2,-3.6,100.0,.549,12.0,21.3,.185,.557,12.1,75.0,.199
112.3,Detroit Pistons,20,52,108.0,112.5,-4.5,97.9,.519,13.5,21.9,.207,.541,12.6,76.9,.195
112.3,Minnesota Timberwolves,23,49,109.5,115.0,-5.5,101.6,.520,12.4,22.7,.193,.556,13.3,76.8,.207
112.3,Houston Rockets,17,55,107.1,114.9,-7.8,101.4,.521,13.0,19.8,.187,.555,12.9,77.1,.201
112.3,Cleveland Cavaliers,22,50,105.8,114.4,-8.6,97.3,.508,13.9,23.6,.194,.556,13.0,76.6,.183
112.3,Orlando Magic,21,51,105.1,114.5,-9.4,98.7,.490,11.5,21.6,.186,.547,11.5,78.2,.169
112.3,Oklahoma City Thunder,22,50,103.5,114.0,-10.5,101.0,.509,14.2,21.2,.176,.547,11.5,77.9,.167
112.3,League Average,,,112.3,112.3,,99.2,.538,12.4,22.2,.192,.538,12.4,77.8,.192
114.8,Boston Celtics*,57,25,118.0,111.5,+6.5,98.5,.566,12.0,22.1,.197,.528,11.3,78.5,.180
114.8,Cleveland Cavaliers*,51,31,116.1,110.6,+5.5,95.7,.556,12.3,23.6,.206,.535,14.4,76.3,.210
114.8,Philadelphia 76ers*,54,28,117.7,113.3,+4.4,96.9,.563,12.6,21.6,.250,.541,13.0,77.2,.217
114.8,Memphis Grizzlies*,51,31,115.1,111.2,+3.9,101.1,.540,11.7,26.5,.190,.526,13.1,75.9,.206
114.8,Milwaukee Bucks*,58,24,115.4,111.9,+3.5,100.5,.555,12.7,25.0,.184,.520,10.4,77.8,.175
114.8,Denver Nuggets*,53,29,117.6,114.2,+3.4,98.1,.573,13.1,24.8,.194,.543,12.2,76.4,.201
114.8,New York Knicks*,47,35,117.8,114.8,+3.0,97.1,.541,11.4,28.3,.217,.536,11.4,77.1,.210
114.8,Sacramento Kings*,48,34,119.4,116.8,+2.6,100.3,.572,12.0,22.7,.225,.563,12.6,77.2,.203
114.8,Phoenix Suns*,45,37,115.1,113.0,+2.1,98.2,.535,12.0,26.6,.191,.532,12.9,76.0,.234
114.8,New Orleans Pelicans,42,40,114.4,112.5,+1.9,99.1,.543,12.9,24.7,.221,.543,13.4,77.4,.212
114.8,Golden State Warriors*,44,38,116.1,114.4,+1.7,101.6,.571,14.1,24.4,.178,.540,12.3,76.0,.214
114.8,Toronto Raptors,41,41,115.5,114.0,+1.5,97.1,.517,10.3,27.8,.201,.565,15.3,76.7,.223
114.8,Chicago Bulls,40,42,113.5,112.2,+1.3,98.5,.550,12.2,20.1,.203,.544,13.5,77.8,.197
114.8,Oklahoma City Thunder,40,42,115.2,114.2,+1.0,101.1,.531,11.2,24.7,.207,.547,14.4,72.9,.222
114.8,Brooklyn Nets*,45,37,115.0,114.1,+0.9,98.3,.562,12.7,19.6,.208,.530,12.2,73.7,.212
114.8,Los Angeles Lakers*,43,39,114.5,113.9,+0.6,101.3,.542,12.3,22.8,.232,.535,10.9,76.3,.171
114.8,Los Angeles Clippers*,44,38,115.0,114.5,+0.5,98.0,.551,12.8,22.9,.217,.543,11.7,76.6,.195
114.8,Atlanta Hawks*,41,41,116.6,116.3,+0.3,100.7,.541,11.2,25.1,.200,.552,12.4,75.8,.206
114.8,Dallas Mavericks,38,44,116.8,116.7,+0.1,96.6,.565,11.4,18.0,.225,.549,11.9,75.5,.226
114.8,Minnesota Timberwolves*,42,40,113.7,113.8,-0.1,101.0,.560,13.6,21.5,.205,.540,13.3,74.3,.225
114.8,Miami Heat*,44,38,113.0,113.3,-0.3,96.3,.530,12.4,22.8,.224,.561,14.5,77.7,.198
114.8,Utah Jazz,37,45,115.8,116.7,-0.9,100.5,.547,13.3,26.8,.209,.541,10.9,75.2,.205
114.8,Washington Wizards,35,47,114.4,115.6,-1.2,98.6,.550,12.7,22.6,.202,.540,11.0,76.1,.194
114.8,Orlando Magic,34,48,111.6,114.2,-2.6,99.3,.532,13.4,23.8,.227,.550,13.1,77.7,.211
114.8,Indiana Pacers,35,47,114.6,117.7,-3.1,101.1,.545,13.0,23.4,.209,.554,13.0,72.2,.229
114.8,Portland Trail Blazers,33,49,114.8,118.8,-4.0,98.6,.549,13.1,22.4,.230,.563,12.1,74.9,.217
114.8,Charlotte Hornets,27,55,109.2,115.3,-6.1,100.8,.516,12.3,23.8,.195,.544,12.5,75.5,.211
114.8,Houston Rockets,22,60,111.4,119.3,-7.9,99.0,.516,14.0,30.2,.215,.564,11.8,75.8,.218
114.8,Detroit Pistons,17,65,110.7,118.9,-8.2,99.0,.520,13.3,24.9,.227,.557,11.9,74.0,.231
114.8,San Antonio Spurs,22,60,110.2,120.0,-9.8,101.6,.525,13.0,25.6,.170,.576,12.0,74.9,.201
114.8,League Average,,,114.8,114.8,,99.1,.545,12.5,24.0,.208,.545,12.5,76.0,.208
112.0,Boston Celtics*,51,31,114.4,106.9,+7.5,96.6,.542,12.4,24.0,.195,.502,12.5,77.3,.183
112.0,Phoenix Suns*,64,18,114.8,107.3,+7.5,99.8,.549,11.6,22.3,.176,.510,13.0,77.1,.195
112.0,Utah Jazz*,49,33,116.7,110.5,+6.2,97.1,.555,12.7,25.4,.208,.521,10.9,78.3,.164
112.0,Memphis Grizzlies*,56,26,114.6,109.0,+5.6,100.3,.522,11.2,30.0,.180,.523,13.3,77.8,.195
112.0,Golden State Warriors*,53,29,112.5,106.9,+5.6,98.4,.552,13.5,22.8,.181,.509,13.0,78.7,.201
112.0,Miami Heat*,53,29,113.7,109.1,+4.6,95.9,.547,13.4,23.5,.204,.524,13.8,78.0,.209
112.0,Dallas Mavericks*,52,30,112.8,109.4,+3.4,95.4,.538,11.7,21.3,.192,.521,12.2,78.0,.185
112.0,Milwaukee Bucks*,51,31,115.1,111.8,+3.3,99.9,.546,11.9,23.0,.199,.536,11.6,78.6,.165
112.0,Philadelphia 76ers*,51,31,113.5,110.8,+2.7,96.2,.534,11.6,20.1,.232,.524,12.1,76.8,.192
112.0,Minnesota Timberwolves*,46,36,114.3,111.7,+2.6,100.9,.539,12.4,24.4,.198,.535,14.2,74.9,.227
112.0,Denver Nuggets*,48,34,114.5,112.1,+2.4,97.8,.556,13.2,21.9,.194,.537,11.7,78.3,.188
112.0,Toronto Raptors*,48,34,112.9,110.5,+2.4,96.0,.510,11.0,28.4,.177,.535,14.4,75.6,.199
112.0,Cleveland Cavaliers,44,38,111.9,109.7,+2.2,96.1,.538,13.2,24.0,.198,.520,12.3,76.5,.172
112.0,Atlanta Hawks*,43,39,116.5,114.9,+1.6,97.7,.543,10.8,23.0,.205,.543,11.5,76.9,.177
112.0,Brooklyn Nets*,44,38,113.6,112.8,+0.8,99.0,.540,12.5,23.9,.198,.521,11.7,75.1,.201
112.0,Charlotte Hornets,43,39,114.1,113.7,+0.4,100.0,.544,11.6,23.3,.173,.544,13.1,74.8,.187
112.0,San Antonio Spurs,34,48,112.4,112.3,+0.1,100.0,.527,11.1,23.7,.166,.532,12.1,75.1,.176
112.0,Los Angeles Clippers,42,40,110.1,110.1,0.0,98.0,.531,12.5,20.6,.178,.514,12.0,74.4,.167
112.0,New York Knicks,37,45,110.4,110.5,-0.1,95.9,.513,12.0,25.1,.208,.521,11.7,78.8,.198
112.0,Chicago Bulls*,46,36,113.2,113.6,-0.4,98.3,.541,11.8,20.4,.201,.541,11.9,78.3,.199
112.0,New Orleans Pelicans*,36,46,112.0,113.0,-1.0,97.2,.517,12.5,26.9,.208,.547,13.0,78.2,.196
112.0,Los Angeles Lakers,33,49,110.3,113.3,-3.0,100.1,.537,12.8,21.1,.190,.540,12.2,75.8,.192
112.0,Washington Wizards,35,47,111.1,114.5,-3.4,97.0,.532,12.1,20.9,.197,.529,10.7,76.9,.202
112.0,Indiana Pacers,25,57,112.6,116.1,-3.5,98.0,.531,12.7,25.5,.184,.552,11.9,76.2,.204
112.0,Sacramento Kings,30,52,109.9,115.3,-5.4,99.8,.525,12.5,21.3,.203,.551,11.9,76.0,.176
112.0,Detroit Pistons,23,59,106.0,113.8,-7.8,98.4,.494,12.6,23.4,.194,.541,13.1,75.6,.226
112.0,Orlando Magic,22,60,104.5,112.5,-8.0,99.2,.503,13.0,19.8,.175,.532,11.7,77.2,.196
112.0,Oklahoma City Thunder,24,58,104.6,112.8,-8.2,98.6,.497,12.5,21.8,.169,.533,11.8,76.1,.169
112.0,Houston Rockets,20,62,108.4,116.7,-8.3,100.9,.534,14.5,21.7,.202,.554,12.3,74.4,.206
112.0,Portland Trail Blazers,27,55,107.8,116.9,-9.1,98.3,.515,13.0,22.9,.188,.559,12.7,76.9,.222
112.0,League Average,,,112.0,112.0,,98.2,.532,12.3,23.2,.192,.532,12.3,76.8,.192
115.3,Boston Celtics*,64,18,123.2,111.6,+11.6,97.2,.578,10.8,24.9,.180,.523,10.8,76.3,.145
115.3,Oklahoma City Thunder*,57,25,119.5,112.1,+7.4,99.8,.573,11.4,21.1,.198,.530,13.6,73.8,.202
115.3,Minnesota Timberwolves*,56,26,115.6,109.0,+6.6,97.1,.559,13.0,23.2,.209,.515,12.9,76.9,.197
115.3,Denver Nuggets*,57,25,118.5,113.0,+5.5,96.8,.562,11.5,25.5,.170,.526,11.2,75.6,.195
115.3,New York Knicks*,50,32,118.2,113.4,+4.8,95.2,.540,11.9,29.4,.192,.543,12.3,76.1,.176
115.3,New Orleans Pelicans*,49,33,117.4,112.9,+4.5,97.9,.558,11.8,24.4,.202,.541,12.9,76.9,.186
115.3,Los Angeles Clippers*,51,31,118.8,115.4,+3.4,97.2,.561,12.0,24.4,.211,.541,11.7,74.8,.183
115.3,Philadelphia 76ers*,47,35,116.9,113.8,+3.1,97.5,.532,10.7,24.8,.218,.537,13.1,74.3,.215
115.3,Phoenix Suns*,49,33,117.6,114.6,+3.0,98.3,.565,13.4,25.0,.219,.536,11.3,75.6,.178
115.3,Indiana Pacers*,47,35,121.0,118.0,+3.0,101.7,.578,11.3,23.8,.173,.556,12.1,74.1,.228
115.3,Golden State Warriors,46,36,117.8,115.2,+2.6,99.2,.557,12.5,27.5,.171,.539,11.5,76.1,.195
115.3,Milwaukee Bucks*,49,33,118.4,115.8,+2.6,99.9,.568,11.5,21.8,.209,.539,10.6,77.2,.189
115.3,Cleveland Cavaliers*,48,34,115.2,112.7,+2.5,97.2,.557,12.4,23.2,.179,.535,12.3,76.9,.190
115.3,Dallas Mavericks*,50,32,117.6,115.4,+2.2,100.1,.562,11.2,22.2,.190,.548,12.1,75.2,.184
115.3,Orlando Magic*,47,35,113.4,111.3,+2.1,96.9,.541,13.3,25.3,.218,.543,13.8,78.1,.206
115.3,Miami Heat*,46,36,114.0,112.2,+1.8,96.2,.538,11.7,21.8,.210,.543,12.7,78.1,.174
115.3,Sacramento Kings,46,36,116.9,115.2,+1.7,98.8,.556,11.6,24.5,.171,.555,12.5,78.4,.213
115.3,Houston Rockets,41,41,114.5,113.4,+1.1,99.0,.529,11.2,25.1,.199,.533,12.2,76.0,.219
115.3,Los Angeles Lakers*,47,35,115.9,115.3,+0.6,100.9,.566,12.5,19.9,.216,.550,11.7,76.2,.153
115.3,Chicago Bulls,39,43,114.9,116.3,-1.4,96.3,.534,11.0,25.1,.187,.556,12.7,76.4,.195
115.3,Atlanta Hawks,36,46,117.2,119.4,-2.2,100.1,.539,11.6,27.1,.200,.572,12.4,75.2,.192
115.3,Brooklyn Nets,32,50,113.2,116.1,-2.9,96.9,.531,11.8,25.2,.177,.543,11.4,76.0,.193
115.3,Utah Jazz,31,51,115.5,120.4,-4.9,99.5,.539,13.6,28.1,.209,.567,10.9,75.2,.182
115.3,San Antonio Spurs,22,60,110.0,116.4,-6.4,101.1,.532,13.2,22.9,.172,.555,11.7,76.4,.174
115.3,Toronto Raptors,25,57,112.3,118.8,-6.5,99.4,.535,12.4,24.2,.182,.566,12.2,73.9,.172
115.3,Memphis Grizzlies,27,55,107.2,114.3,-7.1,98.2,.509,13.4,23.8,.182,.551,13.5,74.8,.195
115.3,Detroit Pistons,14,68,109.7,118.8,-9.1,99.8,.526,13.5,23.9,.193,.558,11.1,77.3,.221
115.3,Washington Wizards,15,67,110.5,119.6,-9.1,102.7,.538,12.2,20.0,.169,.562,12.0,72.5,.201
115.3,Portland Trail Blazers,21,61,108.3,117.5,-9.2,97.2,.503,13.4,27.5,.181,.558,12.8,74.0,.216
115.3,Charlotte Hornets,21,61,109.3,119.8,-10.5,97.3,.529,12.6,21.1,.167,.572,12.3,74.5,.188
115.3,League Average,,,115.3,115.3,,98.5,.547,12.1,24.2,.192,.547,12.1,75.8,.192
114.5,Oklahoma City Thunder*,68,14,120.3,107.5,+12.8,100.0,.560,10.3,24.2,.180,.513,14.9,74.6,.211
114.5,Boston Celtics*,61,21,120.6,111.1,+9.5,95.7,.561,10.8,25.7,.169,.522,11.6,76.0,.154
114.5,Cleveland Cavaliers*,64,18,121.7,112.2,+9.5,99.8,.578,11.6,25.9,.187,.528,12.6,74.8,.181
114.5,Minnesota Timberwolves*,49,33,116.6,111.5,+5.1,97.3,.554,13.0,25.8,.196,.532,13.2,75.1,.178
114.5,Los Angeles Clippers*,50,32,115.1,110.3,+4.8,97.5,.554,13.4,24.4,.200,.536,13.7,77.5,.189
114.5,Memphis Grizzlies*,48,34,117.7,113.0,+4.7,103.3,.554,13.1,28.7,.196,.533,12.9,74.9,.206
114.5,Houston Rockets*,52,30,115.3,110.8,+4.5,98.6,.523,11.8,31.7,.178,.528,12.8,76.2,.186
114.5,New York Knicks*,51,31,118.5,114.3,+4.2,96.7,.556,11.9,26.0,.186,.549,13.1,74.5,.176
114.5,Denver Nuggets*,50,32,119.9,116.0,+3.9,99.8,.573,12.5,26.7,.200,.542,11.3,74.6,.173
114.5,Golden State Warriors*,48,34,115.0,111.7,+3.3,98.7,.536,12.3,27.3,.187,.541,14.1,75.6,.189
114.5,Milwaukee Bucks*,48,34,115.9,113.4,+2.5,99.3,.568,12.2,19.3,.201,.533,11.4,76.2,.174
114.5,Indiana Pacers*,50,32,116.5,114.3,+2.2,99.9,.562,11.8,21.3,.190,.546,13.1,74.5,.190
114.5,Detroit Pistons*,44,38,115.0,113.1,+1.9,99.8,.547,13.0,26.2,.192,.539,13.3,76.0,.214
114.5,Los Angeles Lakers*,50,32,115.9,114.7,+1.2,97.6,.557,12.7,23.3,.213,.539,12.2,74.5,.178
114.5,Miami Heat*,37,45,113.5,112.9,+0.6,96.2,.544,12.4,22.3,.183,.543,12.5,75.8,.157
114.5,Sacramento Kings,40,42,116.7,116.2,+0.5,98.2,.548,11.8,25.4,.190,.557,12.5,76.9,.200
114.5,Orlando Magic*,41,41,109.4,109.6,-0.2,96.1,.510,12.9,25.3,.208,.538,15.0,77.0,.220
114.5,Atlanta Hawks,40,42,114.6,115.7,-1.1,102.6,.546,13.2,26.3,.196,.560,13.8,76.0,.202
114.5,Dallas Mavericks,39,43,114.8,116.0,-1.2,99.2,.549,12.5,23.3,.203,.540,11.6,73.1,.179
114.5,Chicago Bulls,39,43,114.1,115.6,-1.5,102.8,.553,12.7,22.3,.173,.539,10.8,76.6,.178
114.5,San Antonio Spurs,34,48,114.4,117.2,-2.8,99.3,.544,12.3,24.3,.181,.551,12.0,73.0,.158
114.5,Portland Trail Blazers,36,46,111.7,114.7,-3.0,98.8,.521,13.8,29.2,.187,.543,13.6,72.5,.204
114.5,Phoenix Suns,36,46,116.2,119.3,-3.1,97.1,.561,12.8,22.6,.195,.552,10.9,74.1,.191
114.5,Toronto Raptors,30,52,110.5,114.8,-4.3,99.7,.522,13.3,27.3,.173,.541,13.2,73.9,.222
114.5,Philadelphia 76ers,24,58,111.9,118.2,-6.3,97.4,.527,12.3,23.4,.201,.570,14.3,71.8,.194
114.5,Brooklyn Nets,26,56,108.5,115.8,-7.3,96.4,.516,13.7,24.5,.189,.557,13.7,75.0,.218
114.5,Utah Jazz,17,65,111.2,120.4,-9.2,100.0,.533,14.9,26.9,.195,.559,10.3,74.1,.185
114.5,Charlotte Hornets,19,63,107.3,116.6,-9.3,97.6,.503,13.7,26.5,.174,.547,11.9,74.5,.190
114.5,New Orleans Pelicans,21,61,110.4,119.9,-9.5,99.1,.519,12.8,26.3,.184,.564,12.3,72.7,.190
114.5,Washington Wizards,18,64,106.8,119.1,-12.3,100.9,.512,13.6,22.7,.178,.548,11.4,71.9,.202
114.5,League Average,,,114.5,114.5,,98.8,.543,12.6,25.2,.189,.543,12.6,74.8,.189
115.8,Oklahoma City Thunder*,64,18,118.9,107.7,+11.2,99.3,.561,11.2,22.3,.213,.519,14.6,74.4,.184
115.8,San Antonio Spurs*,62,20,119.6,111.3,+8.3,99.9,.559,11.8,26.2,.215,.522,11.5,77.3,.180
115.8,Detroit Pistons*,60,22,117.9,109.7,+8.2,99.3,.546,13.0,30.9,.223,.517,14.8,74.2,.251
115.8,Boston Celtics*,56,26,120.8,112.7,+8.1,94.8,.553,11.2,29.2,.167,.523,11.4,75.7,.189
115.8,New York Knicks*,53,29,119.8,113.3,+6.5,96.8,.557,12.1,29.3,.188,.541,13.1,76.7,.206
115.8,Houston Rockets*,52,30,118.6,113.2,+5.4,96.1,.542,13.3,34.8,.199,.530,12.1,74.5,.189
115.8,Denver Nuggets*,54,28,122.6,117.4,+5.2,98.4,.577,11.5,23.6,.237,.543,10.4,75.3,.196
115.8,Charlotte Hornets,44,38,119.4,114.4,+5.0,96.8,.552,13.5,30.5,.200,.540,11.6,76.6,.186
115.8,Cleveland Cavaliers*,52,30,119.2,115.1,+4.1,99.9,.561,12.2,26.9,.206,.543,13.1,74.4,.209
115.8,Minnesota Timberwolves*,49,33,116.8,113.5,+3.3,100.5,.559,12.9,25.7,.215,.529,13.0,73.7,.220
115.8,Toronto Raptors*,46,36,115.9,113.0,+2.9,98.4,.546,12.2,25.5,.204,.540,14.3,74.0,.222
115.8,Atlanta Hawks*,46,36,116.1,113.7,+2.4,101.7,.554,12.3,24.4,.181,.546,13.9,74.5,.206
115.8,Miami Heat,43,39,116.7,114.5,+2.2,103.4,.542,11.6,25.4,.212,.540,12.8,74.9,.193
115.8,Los Angeles Lakers*,53,29,118.2,116.4,+1.8,98.3,.573,13.2,23.9,.244,.555,13.0,74.3,.191
115.8,Phoenix Suns*,45,37,115.4,113.9,+1.5,97.2,.537,12.8,28.9,.176,.541,14.5,71.9,.217
115.8,Los Angeles Clippers,42,40,117.3,116.1,+1.2,96.5,.559,13.2,23.7,.243,.545,12.9,72.9,.197
115.8,Orlando Magic*,45,37,114.9,114.3,+0.6,100.0,.531,12.4,25.0,.249,.545,13.1,75.6,.223
115.8,Philadelphia 76ers*,45,37,115.4,115.5,-0.1,99.4,.530,11.9,26.2,.222,.541,13.3,72.5,.212
115.8,Portland Trail Blazers*,42,40,114.4,114.7,-0.3,100.5,.534,14.6,31.3,.214,.541,13.5,72.7,.215
115.8,Golden State Warriors,37,45,115.0,115.6,-0.6,99.0,.549,13.8,25.8,.192,.553,14.0,72.9,.198
115.8,New Orleans Pelicans,26,56,114.4,118.9,-4.5,100.3,.527,12.2,27.0,.222,.555,12.4,71.4,.199
115.8,Chicago Bulls,31,51,113.0,118.1,-5.1,102.5,.547,13.3,23.1,.191,.553,11.1,75.5,.190
115.8,Dallas Mavericks,26,56,111.2,116.5,-5.3,101.7,.527,12.6,23.2,.217,.546,11.4,74.1,.183
115.8,Memphis Grizzlies,25,57,112.9,118.8,-5.9,101.3,.533,13.0,24.7,.199,.562,13.3,70.9,.203
115.8,Milwaukee Bucks,32,50,112.9,119.3,-6.4,97.6,.565,13.9,21.1,.163,.558,11.7,74.1,.215
115.8,Indiana Pacers,19,63,110.9,118.8,-7.9,101.0,.533,12.8,21.7,.196,.556,11.7,74.1,.218
115.8,Utah Jazz,22,60,114.1,122.3,-8.2,102.3,.536,13.2,26.2,.218,.578,12.4,72.9,.227
115.8,Sacramento Kings,22,60,111.4,121.5,-10.1,99.2,.525,12.6,25.9,.198,.572,12.3,73.5,.216
115.8,Brooklyn Nets,20,62,108.7,119.0,-10.3,97.1,.520,14.3,23.6,.212,.571,13.2,74.0,.225
115.8,Washington Wizards,17,65,111.0,122.7,-11.7,101.4,.535,13.6,24.1,.180,.563,11.7,70.2,.232
115.8,League Average,,,115.8,115.8,,99.4,.546,12.7,26.0,.206,.546,12.7,74.0,.206
