name,position,talent,portability,fga,archetype,defensive_role,best_span,tier
Joe Ingles,SF,54,91,7.1,Stationary Shooter,Chaser,2016-18,low_fga
Mario Elie,SF,58,90,7.7,Stationary Shooter,Chaser,1995-97,low_fga
Mikal Bridges,SF,53,88,8,Stationary Shooter,Chaser,2019-21,low_fga
Mario Chalmers,PG,52,88,7.3,Off Screen Shooter,Chaser,2011-13,low_fga
Devin Harris,PG,51,87,8.1,Off Screen Shooter,Chaser,2011-13,low_fga
Steve Novak,SF,49,87,5.7,Stationary Shooter,Low Activity,2011-13,low_fga
Alex Caruso,SG,50,86,6,Off Screen Shooter,Wing Stopper,2022-24,low_fga
Al Horford,C,50,85,7,Stretch Big,Mobile Big,2022-24,low_fga
Steve Kerr,PG,54,85,5.8,Off Screen Shooter,Helper,1995-97,low_fga
Bryon Russell,SF,47,85,7,Stationary Shooter,Chaser,1996-98,low_fga
Thomas Bryant,C,45,84,7.8,Versatile Big,Mobile Big,2018-20,low_fga
Herbert Jones,SF,51,84,7.7,Stationary Shooter,Chaser,2022-24,low_fga
Charlie Ward,PG,48,83,6.2,Off Screen Shooter,Chaser,1999-01,low_fga
Robert Williams,C,53,83,5.5,Roll & Cut Big,Anchor Big,2020-22,low_fga
Josh Childress,SF,50,82,7.9,Athletic Finisher,Chaser,2005-07,low_fga
Luke Kennard,SG,52,82,7.9,Off Screen Shooter,Low Activity,2021-23,low_fga
Buck Williams,PF,47,82,7.2,Roll & Cut Big,Mobile Big,1990-92,low_fga
Grayson Allen,SG,57,81,8.4,Off Screen Shooter,Helper,2023-25,low_fga
Daniel Gafford,C,48,81,5.8,Roll & Cut Big,Mobile Big,2022-24,low_fga
James Posey,SG,49,80,8.5,Secondary Ball Handler,Chaser,2003-05,low_fga
Mitchell Robinson,C,46,80,5,Roll & Cut Big,Anchor Big,2018-20,low_fga
Rafer Alston,PG,45,79,8.5,Off Screen Shooter,Chaser,2002-04,low_fga
Brandon Clarke,PF,45,79,6.6,Roll & Cut Big,Mobile Big,2021-23,low_fga
Hubert Davis,SG,52,79,7.6,Off Screen Shooter,Low Activity,1994-96,low_fga
Dāvis Bertāns,PF,49,78,8.2,Stretch Big,Low Activity,2018-20,low_fga
Seth Curry,SG,49,78,7.5,Off Screen Shooter,Low Activity,2018-20,low_fga
Sam Hauser,SF,45,78,6.9,Stationary Shooter,Low Activity,2023-25,low_fga
Nic Claxton,C,50,77,6.9,Roll & Cut Big,Anchor Big,2021-23,low_fga
Dewayne Dedmon,C,45,77,8,Stretch Big,Mobile Big,2017-19,low_fga
Craig Hodges,SG,45,76,6.2,Off Screen Shooter,Low Activity,1988-90,low_fga
Isaiah Joe,SG,48,76,7.8,Off Screen Shooter,Low Activity,2024-26,low_fga
Damon Jones,PG,56,76,7.6,Off Screen Shooter,Low Activity,2003-05,low_fga
Šarūnas Marčiulionis,SG,45,76,7.4,Athletic Finisher,Chaser,1989-91,low_fga
Nerlens Noel,C,45,76,3.9,Roll & Cut Big,Anchor Big,2019-21,low_fga
Earl Watson,PG,45,76,8.1,Off Screen Shooter,Chaser,2005-07,low_fga
David Wesley,PG,53,76,7.9,Athletic Finisher,Chaser,1994-96,low_fga
Ivica Zubac,C,45,76,6,Roll & Cut Big,Mobile Big,2020-22,low_fga
D.J. Augustin,PG,55,75,7.8,Off Screen Shooter,Low Activity,2017-19,low_fga
Marco Belinelli,SF,48,75,8.2,Stationary Shooter,Low Activity,2013-15,low_fga
Kenneth Faried,PF,46,75,7.9,Roll & Cut Big,Mobile Big,2011-13,low_fga
A.J. Green,SG,45,75,6.9,Off Screen Shooter,Low Activity,2024-26,low_fga
Tyrone Hill,C,46,75,7.7,Roll & Cut Big,Mobile Big,1996-98,low_fga
Patty Mills,PG,45,75,6.5,Off Screen Shooter,Low Activity,2012-14,low_fga
Martell Webster,SF,51,75,7.9,Stationary Shooter,Low Activity,2012-14,low_fga
P.J. Brown,C,46,74,7.1,Roll & Cut Big,Mobile Big,2001-03,low_fga
Jared Dudley,SF,49,74,6.8,Stationary Shooter,Helper,2009-11,low_fga
Richard Jefferson,SF,50,74,7.8,Stationary Shooter,Low Activity,2010-12,low_fga
Oliver Miller,C,48,74,6.6,Roll & Cut Big,Anchor Big,1993-95,low_fga
Elliot Perry,PG,48,74,7,Athletic Finisher,Chaser,1994-96,low_fga
Travis Best,PG,50,73,8.5,Secondary Ball Handler,Chaser,1999-01,low_fga
Bryn Forbes,SG,45,73,8.3,Off Screen Shooter,Low Activity,2019-21,low_fga
Trey Murphy III,SF,47,73,7.6,Stationary Shooter,Helper,2021-23,low_fga
Theo Ratliff,PF,57,73,8.5,Roll & Cut Big,Anchor Big,1998-00,low_fga
Allen Crabbe,SG,45,72,8.3,Off Screen Shooter,Low Activity,2015-17,low_fga
Mark Jackson,PG,60,72,8,Secondary Ball Handler,Chaser,1995-97,low_fga
Muggsy Bogues,PG,47,71,6.1,Secondary Ball Handler,Chaser,1996-98,low_fga
Shawn Bradley,C,45,71,4,Roll & Cut Big,Mobile Big,2001-03,low_fga
Dale Davis,PF,45,71,7.7,Roll & Cut Big,Mobile Big,1994-96,low_fga
Terry Dehere,PG,49,71,6.9,Off Screen Shooter,Low Activity,1995-97,low_fga
Walker Kessler,C,45,71,6.3,Roll & Cut Big,Anchor Big,2023-25,low_fga
Matt Maloney,PG,48,71,7.5,Off Screen Shooter,Helper,1996-98,low_fga
George McCloud,SF,48,71,7.6,Stationary Shooter,Low Activity,1998-00,low_fga
Gary Neal,SG,45,71,8.2,Off Screen Shooter,Low Activity,2010-12,low_fga
Chris Whitney,PG,51,71,8,Off Screen Shooter,Helper,2000-02,low_fga
Kyle Anderson,SF,45,70,6.1,Athletic Finisher,Chaser,2017-19,low_fga
Marcus Camby,PF,49,70,7.3,Roll & Cut Big,Anchor Big,2008-10,low_fga
Erick Dampier,C,45,70,7.6,Roll & Cut Big,Mobile Big,2003-05,low_fga
Andre Drummond,C,51,70,7.9,Roll & Cut Big,Mobile Big,2012-14,low_fga
Avery Johnson,PG,48,70,7.9,Secondary Ball Handler,Chaser,1992-94,low_fga
Robin Lopez,C,45,70,7.7,Roll & Cut Big,Mobile Big,2013-15,low_fga
Nate McMillan,PG,53,70,5.9,Secondary Ball Handler,Point of Attack,1992-94,low_fga
Kendrick Perkins,C,47,70,5.4,Roll & Cut Big,Mobile Big,2007-09,low_fga
Steve Blake,PG,49,69,7.8,Off Screen Shooter,Helper,2008-10,low_fga
Andrew Bogut,C,51,69,5.4,Roll & Cut Big,Mobile Big,2013-15,low_fga
Gorgui Dieng,C,45,69,7,Roll & Cut Big,Mobile Big,2014-16,low_fga
Luther Head,SG,45,69,8.3,Off Screen Shooter,Helper,2005-07,low_fga
Robert Pack,PG,46,69,7.8,Athletic Finisher,Chaser,1992-94,low_fga
Greg Anthony,PG,45,68,8.3,Secondary Ball Handler,Chaser,1994-96,low_fga
Samuel Dalembert,C,46,68,6.9,Roll & Cut Big,Anchor Big,2005-07,low_fga
Isaiah Hartenstein,C,48,68,6.4,Roll & Cut Big,Mobile Big,2023-25,low_fga
Brevin Knight,PG,61,68,7.6,Secondary Ball Handler,Point of Attack,1997-99,low_fga
Tomáš Satoranský,PG,47,67,6,Athletic Finisher,Helper,2017-19,low_fga
Matt Barnes,SF,45,66,7.4,Stationary Shooter,Helper,2011-13,low_fga
Howard Eisley,PG,45,66,6.6,Off Screen Shooter,Helper,2001-03,low_fga
Jamaal Tinsley,PG,49,66,7.4,Secondary Ball Handler,Point of Attack,2002-04,low_fga
Tiago Splitter,PF,48,65,6.5,Roll & Cut Big,Helper,2012-14,low_fga
Dee Brown,SG,47,89,8.7,Off Screen Shooter,Chaser,1997-99,moderate_fga
Troy Murphy,PF,56,88,10.9,Stretch Big,Mobile Big,2008-10,moderate_fga
Christian Wood,PF,51,88,11.1,Stretch Big,Mobile Big,2019-21,moderate_fga
Otto Porter Jr.,SF,52,87,9.8,Stationary Shooter,Chaser,2015-17,moderate_fga
Duncan Robinson,SG,58,87,9.7,Off Screen Shooter,Low Activity,2019-21,moderate_fga
Jaren Jackson Jr.,PF,48,86,11.7,Stretch Big,Mobile Big,2018-20,moderate_fga
Donyell Marshall,PF,56,86,11,Stretch Big,Mobile Big,2003-05,moderate_fga
Jodie Meeks,SG,46,85,9.2,Off Screen Shooter,Chaser,2012-14,moderate_fga
DeMarre Carroll,SF,52,84,9.1,Stationary Shooter,Chaser,2013-15,moderate_fga
Wendell Carter Jr.,PF,47,84,10.9,Stretch Big,Mobile Big,2021-23,moderate_fga
Donte DiVincenzo,SG,49,84,10.1,Off Screen Shooter,Chaser,2022-24,moderate_fga
Joe Harris,SG,58,84,10.6,Off Screen Shooter,Low Activity,2018-20,moderate_fga
OG Anunoby,SF,48,83,9.7,Stationary Shooter,Chaser,2019-21,moderate_fga
Nicolas Batum,SF,60,83,10.7,Stationary Shooter,Chaser,2012-14,moderate_fga
Lindsey Hunter,PG,49,83,10.2,Off Screen Shooter,Chaser,1999-01,moderate_fga
J.R. Smith,SF,47,83,10.4,Stationary Shooter,Chaser,2010-12,moderate_fga
Jae Crowder,SF,53,82,10.6,Stationary Shooter,Chaser,2015-17,moderate_fga
Collin Gillespie,PG,48,82,8.8,Off Screen Shooter,Chaser,2024-26,moderate_fga
Wesley Person,SG,56,82,11,Secondary Ball Handler,Chaser,1997-99,moderate_fga
Ryan Rollins,PG,49,82,10,Off Screen Shooter,Chaser,2024-26,moderate_fga
Arvydas Sabonis,C,54,81,9.7,Versatile Big,Mobile Big,1995-97,moderate_fga
Myles Turner,C,57,81,11.8,Stretch Big,Anchor Big,2022-24,moderate_fga
Darrell Armstrong,PG,50,80,9,Off Screen Shooter,Point of Attack,2001-03,moderate_fga
Robert Covington,SF,60,80,10.4,Stationary Shooter,Wing Stopper,2017-19,moderate_fga
Wesley Matthews,SG,58,80,12,Secondary Ball Handler,Chaser,2012-14,moderate_fga
Mehmet Okur,C,47,80,11.5,Versatile Big,Mobile Big,2004-06,moderate_fga
Norman Powell,SG,58,80,12.5,Secondary Ball Handler,Chaser,2019-21,moderate_fga
Kenny Smith,PG,64,80,10.1,Secondary Ball Handler,Chaser,1991-93,moderate_fga
Jonas Valančiūnas,C,54,80,12.4,Versatile Big,Mobile Big,2020-22,moderate_fga
Gary Harris,SG,58,79,12.5,Secondary Ball Handler,Wing Stopper,2016-18,moderate_fga
Chet Holmgren,C,56,79,11.4,Stretch Big,Anchor Big,2023-25,moderate_fga
David Lee,PF,47,79,9.7,Roll & Cut Big,Mobile Big,2007-09,moderate_fga
Michael Porter Jr.,SF,60,79,10.3,Stationary Shooter,Low Activity,2019-21,moderate_fga
John Salmons,SG,55,79,13,Secondary Ball Handler,Chaser,2008-10,moderate_fga
John Starks,SG,49,79,10.8,Off Screen Shooter,Chaser,1995-97,moderate_fga
Jalen Williams,SG,55,79,12.2,Secondary Ball Handler,Chaser,2022-24,moderate_fga
Derek Anderson,PG,51,78,9.9,Secondary Ball Handler,Chaser,2001-03,moderate_fga
Nick Anderson,SG,61,78,11.9,Secondary Ball Handler,Wing Stopper,1994-96,moderate_fga
Darren Collison,PG,61,78,11.1,Secondary Ball Handler,Chaser,2014-16,moderate_fga
Mike Dunleavy,SG,51,78,8.8,Off Screen Shooter,Low Activity,2010-12,moderate_fga
Jalen Duren,C,57,78,9.1,Roll & Cut Big,Mobile Big,2024-26,moderate_fga
Raef LaFrentz,C,45,78,9.8,Versatile Big,Anchor Big,2001-03,moderate_fga
Ty Lawson,PG,62,78,10.3,Secondary Ball Handler,Chaser,2010-12,moderate_fga
Brook Lopez,C,62,78,10.5,Stretch Big,Anchor Big,2022-24,moderate_fga
Lamar Odom,PF,55,78,11.8,Versatile Big,Mobile Big,2004-06,moderate_fga
Jarrett Allen,C,56,77,8.6,Roll & Cut Big,Mobile Big,2020-22,moderate_fga
Bogdan Bogdanović,SG,54,77,12.7,Secondary Ball Handler,Chaser,2019-21,moderate_fga
Dell Curry,SG,51,77,11.6,Secondary Ball Handler,Chaser,1994-96,moderate_fga
Eddy Curry,PF,47,77,11.5,Post Scorer,Mobile Big,2003-05,moderate_fga
Joe Dumars,SG,58,77,10.1,Off Screen Shooter,Low Activity,1995-97,moderate_fga
George Hill,PG,57,77,10.9,Secondary Ball Handler,Chaser,2015-17,moderate_fga
Cameron Johnson,PF,55,77,11,Stretch Big,Low Activity,2024-26,moderate_fga
Tyus Jones,PG,48,77,9.4,Off Screen Shooter,Chaser,2022-24,moderate_fga
Rashard Lewis,PF,60,77,12.5,Stretch Big,Helper,2000-02,moderate_fga
Dan Majerle,SF,47,77,10.8,Stationary Shooter,Chaser,1994-96,moderate_fga
Onyeka Okongwu,C,46,77,10.4,Stretch Big,Mobile Big,2024-26,moderate_fga
Luke Ridnour,PG,53,77,9.9,Secondary Ball Handler,Chaser,2010-12,moderate_fga
Otis Thorpe,PF,58,77,11.8,Post Scorer,Mobile Big,1990-92,moderate_fga
Reggie Bullock,SG,46,76,9.1,Off Screen Shooter,Low Activity,2017-19,moderate_fga
Eric Gordon,SG,56,76,12,Secondary Ball Handler,Chaser,2008-10,moderate_fga
Horace Grant,PF,56,76,9.6,Roll & Cut Big,Mobile Big,1990-92,moderate_fga
Richaun Holmes,C,51,76,8.8,Roll & Cut Big,Mobile Big,2019-21,moderate_fga
Robert Parish,C,53,76,10.5,Roll & Cut Big,Mobile Big,1989-91,moderate_fga
Delonte West,PG,51,76,10,Secondary Ball Handler,Chaser,2005-07,moderate_fga
Deandre Ayton,C,57,75,10.9,Roll & Cut Big,Mobile Big,2020-22,moderate_fga
Carlos Boozer,PF,49,75,9.7,Roll & Cut Big,Mobile Big,2002-04,moderate_fga
Ricky Davis,SG,50,75,12.4,Secondary Ball Handler,Chaser,2003-05,moderate_fga
Christian Laettner,PF,59,75,13,Post Scorer,Mobile Big,1995-97,moderate_fga
Anthony Morrow,SG,53,75,10.4,Off Screen Shooter,Low Activity,2009-11,moderate_fga
Morris Peterson,SG,51,75,11.9,Secondary Ball Handler,Chaser,2004-06,moderate_fga
Scott Skiles,PG,64,75,12.4,Secondary Ball Handler,Chaser,1990-92,moderate_fga
Fred VanVleet,PG,51,75,11.6,Secondary Ball Handler,Chaser,2018-20,moderate_fga
Jason Williams,PG,48,75,9.5,Off Screen Shooter,Chaser,2003-05,moderate_fga
Craig Ehlo,SG,47,74,10.1,Secondary Ball Handler,Chaser,1991-93,moderate_fga
Derek Fisher,PG,47,74,8.9,Secondary Ball Handler,Chaser,2007-09,moderate_fga
Vern Fleming,PG,57,74,10.5,Secondary Ball Handler,Chaser,1989-91,moderate_fga
Kevin Huerter,SG,50,74,10.9,Off Screen Shooter,Helper,2021-23,moderate_fga
Kerry Kittles,SG,50,74,11.2,Secondary Ball Handler,Wing Stopper,2001-03,moderate_fga
Voshon Lenard,SG,53,74,10,Off Screen Shooter,Low Activity,1996-98,moderate_fga
Aaron Nesmith,SF,51,74,8.7,Stationary Shooter,Helper,2023-25,moderate_fga
Charles Oakley,PF,46,74,9,Roll & Cut Big,Mobile Big,1989-91,moderate_fga
Nate Robinson,PG,53,74,10.6,Secondary Ball Handler,Chaser,2011-13,moderate_fga
Rodney Rogers,PF,46,74,9.1,Versatile Big,Low Activity,1998-00,moderate_fga
Jeff Teague,PG,61,74,12.3,Secondary Ball Handler,Chaser,2014-16,moderate_fga
Beno Udrih,PG,56,74,10.5,Secondary Ball Handler,Chaser,2009-11,moderate_fga
Keith Van Horn,PF,52,74,12.7,Versatile Big,Helper,2002-04,moderate_fga
Ryan Anderson,PF,50,73,10.3,Stretch Big,Helper,2010-12,moderate_fga
Harrison Barnes,PF,46,73,8.6,Stretch Big,Low Activity,2023-25,moderate_fga
Raymond Felton,PG,54,73,11.9,Secondary Ball Handler,Point of Attack,2009-11,moderate_fga
Montrezl Harrell,C,46,73,9.1,Roll & Cut Big,Mobile Big,2017-19,moderate_fga
Jay Humphries,PG,59,73,12.2,Secondary Ball Handler,Point of Attack,1989-91,moderate_fga
Corey Kispert,SF,51,73,9,Stationary Shooter,Low Activity,2022-24,moderate_fga
Roger Mason,SG,45,73,8.8,Off Screen Shooter,Low Activity,2007-09,moderate_fga
O.J. Mayo,SG,51,73,11.9,Secondary Ball Handler,Chaser,2011-13,moderate_fga
Doug McDermott,PF,46,73,9,Stretch Big,Low Activity,2019-21,moderate_fga
Anthony Parker,SG,46,73,9.8,Secondary Ball Handler,Chaser,2007-09,moderate_fga
Sam Perkins,PF,45,73,12,Post Scorer,Mobile Big,1988-90,moderate_fga
Bobby Phills,SG,48,73,10,Secondary Ball Handler,Chaser,1997-99,moderate_fga
Ricky Pierce,SG,52,73,12.9,Secondary Ball Handler,Chaser,1992-94,moderate_fga
Marcus Thornton,SG,48,73,12.8,Secondary Ball Handler,Chaser,2011-13,moderate_fga
Bonzi Wells,SF,46,73,8.6,Athletic Finisher,Chaser,1999-01,moderate_fga
Hot Rod Williams,PF,48,73,12,Post Scorer,Anchor Big,1989-91,moderate_fga
Andrew Bynum,C,51,72,10.3,Roll & Cut Big,Mobile Big,2008-10,moderate_fga
Armen Gilliam,PF,48,72,12.8,Post Scorer,Mobile Big,1990-92,moderate_fga
Rui Hachimura,PF,45,72,9.2,Stretch Big,Low Activity,2024-26,moderate_fga
Stephen Jackson,SG,46,72,13,Secondary Ball Handler,Wing Stopper,2002-04,moderate_fga
Jeremy Lin,PG,53,72,10.2,Secondary Ball Handler,Chaser,2012-14,moderate_fga
Lauri Markkanen,SF,48,72,10.9,Stationary Shooter,Low Activity,2020-22,moderate_fga
Aaron McKie,SG,50,72,9.7,Secondary Ball Handler,Chaser,2000-02,moderate_fga
C.J. Miles,SF,45,72,8.8,Stationary Shooter,Helper,2012-14,moderate_fga
Greg Monroe,PF,48,72,12.7,Post Scorer,Mobile Big,2012-14,moderate_fga
Marcus Morris,PF,49,72,11.7,Stretch Big,Low Activity,2019-21,moderate_fga
Eric Murdock,PG,61,72,12.1,Secondary Ball Handler,Point of Attack,1992-94,moderate_fga
Gheorghe Mureșan,C,49,72,9,Roll & Cut Big,Anchor Big,1995-97,moderate_fga
Payton Pritchard,PG,52,72,9.3,Off Screen Shooter,Low Activity,2023-25,moderate_fga
Jason Richardson,SG,46,72,12.3,Secondary Ball Handler,Chaser,2010-12,moderate_fga
Byron Scott,SG,47,72,12.9,Secondary Ball Handler,Chaser,1989-91,moderate_fga
Amen Thompson,PG,67,72,11.8,Secondary Ball Handler,Chaser,2024-26,moderate_fga
Sedale Threatt,PG,47,72,9.9,Secondary Ball Handler,Chaser,1989-91,moderate_fga
Spud Webb,PG,56,72,11.9,Secondary Ball Handler,Point of Attack,1990-92,moderate_fga
Steven Adams,C,51,71,8.8,Roll & Cut Big,Mobile Big,2016-18,moderate_fga
Kenny Anderson,PG,54,71,11.6,Secondary Ball Handler,Chaser,1998-00,moderate_fga
Chucky Atkins,PG,49,71,9.7,Off Screen Shooter,Helper,2004-06,moderate_fga
Benoit Benjamin,C,60,71,10.6,Roll & Cut Big,Anchor Big,1988-90,moderate_fga
Chris Childs,PG,53,71,9,Secondary Ball Handler,Chaser,1995-97,moderate_fga
Derrick Favors,PF,51,71,11.3,Post Scorer,Mobile Big,2013-15,moderate_fga
Pat Garrity,PF,45,71,9.4,Stretch Big,Low Activity,2001-03,moderate_fga
Marcin Gortat,C,46,71,9.4,Roll & Cut Big,Mobile Big,2010-12,moderate_fga
Kirk Hinrich,PG,55,71,12,Secondary Ball Handler,Chaser,2006-08,moderate_fga
Ersan İlyasova,PF,50,71,10.5,Versatile Big,Helper,2011-13,moderate_fga
Sam Mack,SF,48,71,9.3,Stationary Shooter,Helper,1997-99,moderate_fga
Smush Parker,PG,45,71,9.5,Secondary Ball Handler,Point of Attack,2005-07,moderate_fga
Dino Radja,PF,48,71,12.7,Post Scorer,Mobile Big,1993-95,moderate_fga
Doc Rivers,PG,65,71,10.5,Secondary Ball Handler,Point of Attack,1988-90,moderate_fga
Anfernee Simons,SG,48,71,9.9,Off Screen Shooter,Low Activity,2020-22,moderate_fga
Damon Stoudamire,PG,52,71,11.4,Secondary Ball Handler,Chaser,1999-01,moderate_fga
Bojan Bogdanović,SF,51,70,10.5,Stationary Shooter,Low Activity,2016-18,moderate_fga
Antoine Carr,PF,45,70,12.7,Post Scorer,Mobile Big,1989-91,moderate_fga
Johnny Dawkins,PG,55,70,11.9,Secondary Ball Handler,Point of Attack,1988-90,moderate_fga
LaPhonso Ellis,PF,48,70,11.9,Post Scorer,Mobile Big,1992-94,moderate_fga
Randy Foye,SG,49,70,9.9,Off Screen Shooter,Helper,2012-14,moderate_fga
Brian Grant,PF,45,70,10.4,Roll & Cut Big,Mobile Big,1994-96,moderate_fga
Jim Jackson,SF,51,70,10.3,Stationary Shooter,Helper,2003-05,moderate_fga
Larry Johnson,PF,53,70,12.5,Versatile Big,Helper,1995-97,moderate_fga
Jusuf Nurkić,C,46,70,8.8,Versatile Big,Mobile Big,2022-24,moderate_fga
Rik Smits,C,49,70,12.7,Post Scorer,Mobile Big,1993-95,moderate_fga
Michael Adams,PG,54,69,10.9,Secondary Ball Handler,Chaser,1992-94,moderate_fga
Elden Campbell,PF,47,69,10.5,Roll & Cut Big,Anchor Big,2000-02,moderate_fga
Sherman Douglas,PG,59,69,12.9,Secondary Ball Handler,Point of Attack,1989-91,moderate_fga
Josh Giddey,PG,60,69,12.2,Secondary Ball Handler,Chaser,2024-26,moderate_fga
Tobias Harris,PF,46,69,12.8,Versatile Big,Helper,2014-16,moderate_fga
Gordon Hayward,PF,46,69,10.8,Stretch Big,Low Activity,2018-20,moderate_fga
Zydrunas Ilgauskas,C,52,69,12,Post Scorer,Anchor Big,2004-06,moderate_fga
Cuttino Mobley,SG,45,69,12,Secondary Ball Handler,Chaser,2005-07,moderate_fga
Tracy Murray,SF,48,69,10.5,Stationary Shooter,Low Activity,1997-99,moderate_fga
Chuck Person,SF,45,69,9,Stationary Shooter,Low Activity,1994-96,moderate_fga
David West,PF,49,69,12.7,Post Scorer,Mobile Big,2012-14,moderate_fga
Derrick White,SG,56,69,10.3,Off Screen Shooter,Helper,2022-24,moderate_fga
Alec Burks,SG,45,68,9,Off Screen Shooter,Helper,2021-23,moderate_fga
Tyreke Evans,SG,49,68,13,Secondary Ball Handler,Chaser,2011-13,moderate_fga
T.J. Ford,PG,51,68,11.5,Secondary Ball Handler,Chaser,2007-09,moderate_fga
Taj Gibson,PF,45,68,9.7,Roll & Cut Big,Mobile Big,2013-15,moderate_fga
Kendall Gill,SG,45,68,11.5,Secondary Ball Handler,Chaser,1994-96,moderate_fga
Aaron Gordon,PF,49,68,9.8,Versatile Big,Low Activity,2023-25,moderate_fga
Malik Monk,SG,47,68,10.4,Off Screen Shooter,Low Activity,2020-22,moderate_fga
Andrés Nocioni,PF,45,68,10.5,Stretch Big,Low Activity,2005-07,moderate_fga
Kelly Olynyk,PF,45,68,8.9,Stretch Big,Helper,2020-22,moderate_fga
Julius Randle,C,50,68,12.9,Versatile Big,Helper,2017-19,moderate_fga
Rony Seikaly,C,47,68,12,Post Scorer,Mobile Big,1991-93,moderate_fga
Brice Sensabaugh,SF,46,68,10,Stationary Shooter,Low Activity,2024-26,moderate_fga
Bob Sura,SG,46,68,10.6,Secondary Ball Handler,Chaser,1999-01,moderate_fga
Lou Williams,SG,45,68,10.2,Off Screen Shooter,Helper,2013-15,moderate_fga
Vin Baker,C,45,67,12.8,Post Scorer,Mobile Big,1993-95,moderate_fga
Lonzo Ball,PG,50,67,11.8,Secondary Ball Handler,Chaser,2019-21,moderate_fga
Miles Bridges,PF,52,67,12.6,Stretch Big,Helper,2020-22,moderate_fga
Malcolm Brogdon,SG,54,67,11.2,Secondary Ball Handler,Helper,2017-19,moderate_fga
Emeka Okafor,C,51,67,10.7,Roll & Cut Big,Anchor Big,2006-08,moderate_fga
Desmond Bane,SG,53,66,11.1,Secondary Ball Handler,Helper,2020-22,moderate_fga
Jordan Farmar,PG,47,66,8.6,Off Screen Shooter,Helper,2010-12,moderate_fga
Pooh Richardson,PG,51,66,12.6,Secondary Ball Handler,Chaser,1991-93,moderate_fga
Alperen Şengün,C,50,66,12.9,Post Scorer,Mobile Big,2022-24,moderate_fga
Hedo Türkoğlu,SF,49,66,9.1,Stationary Shooter,Helper,2010-12,moderate_fga
Malik Beasley,SG,49,65,11.1,Secondary Ball Handler,Helper,2023-25,moderate_fga
Speedy Claxton,PG,45,65,9.3,Secondary Ball Handler,Point of Attack,2003-05,moderate_fga
De'Aaron Fox,PG,45,65,12.3,Secondary Ball Handler,Chaser,2017-19,moderate_fga
Mike James,PG,65,65,12.9,Secondary Ball Handler,Helper,2004-06,moderate_fga
Tre Jones,PG,45,65,9.3,Secondary Ball Handler,Chaser,2022-24,moderate_fga
Jameer Nelson,PG,61,65,10.2,Secondary Ball Handler,Helper,2007-09,moderate_fga
Elfrid Payton,PG,46,65,10.9,Secondary Ball Handler,Chaser,2016-18,moderate_fga
Alvin Williams,PG,45,65,11.7,Secondary Ball Handler,Chaser,2001-03,moderate_fga