name,position,talent,residual,real_value,best_span,in_pool
Terry Mills,PF,42,5.83,5.81,1996-98,false
Christian Laettner,PF,59,5.78,7.22,1995-97,false
Tim Duncan,PF,80,5.22,8.93,2005-07,true
Tim Hardaway,PG,66,4.82,6.87,1995-97,true
Kevin Garnett,C,42,4.77,4.87,2012-14,true
LeBron James,SF,92,4.38,9.22,2014-16,true
Dirk Nowitzki,PF,56,4.36,5.79,2011-13,true
Taj Gibson,PF,40,4.34,4.25,2011-13,false
Robert Horry,PF,45,4.32,4.71,1998-00,true
Nate McMillan,PG,50,4.32,4.98,1993-95,false
Kevin Willis,PF,42,4.28,4.26,1993-95,false
Andre Iguodala,SF,49,4.26,5.03,2013-15,true
Lamar Odom,PF,52,4.04,5.10,2008-10,false
Danny Green,SG,52,3.97,5.02,2014-16,true
Ron Artest,SF,46,3.92,4.25,2008-10,true
Stephen Curry,PG,91,3.92,8.67,2016-18,true
Mookie Blaylock,PG,51,3.90,4.86,1997-99,true
Manu Ginóbili,SG,51,3.87,4.83,2013-15,true
Draymond Green,PF,67,3.87,6.34,2015-17,true
Greg Ostertag,C,42,3.63,3.74,1996-98,true
Tony Allen,SG,41,3.57,3.58,2012-14,true
Ron Harper,PG,43,3.54,3.74,1996-98,true
Horace Grant,PF,53,3.53,4.46,1994-96,false
Vlade Divac,C,55,3.53,4.87,2001-03,true
Chris Paul,PG,83,3.51,7.50,2017-19,true
Scottie Pippen,SF,73,3.46,6.11,1995-97,true
Dikembe Mutombo,C,62,3.43,5.43,1998-00,true
Nikola Jokic,C,68,3.43,6.00,2017-19,true
Dennis Rodman,PF,40,3.43,3.24,1993-95,true
David Robinson,C,92,3.42,7.70,1994-96,true
Kobe Bryant,SG,68,3.33,5.90,2008-10,true
Matt Bonner,PF,42,3.33,3.43,2010-12,false
Toni Kukoč,SF,56,3.32,4.51,1995-97,false
Amir Johnson,PF,50,3.26,4.12,2013-15,true
Bryon Russell,SF,42,3.25,3.23,1995-97,false
Rasheed Wallace,PF,56,3.22,4.66,2003-05,true
Shawn Bradley,C,44,3.14,3.44,2000-02,false
Dwyane Wade,SG,69,3.12,5.78,2010-12,true
Brad Miller,C,52,3.12,4.17,2005-07,true
LaMarcus Aldridge,PF,48,3.09,3.76,2008-10,true
Kevin Love,PF,50,3.09,3.95,2014-16,true
Russell Westbrook,PG,77,3.08,6.50,2017-19,true
Ben Wallace,C,53,3.07,4.22,2004-06,true
Blake Griffin,PF,62,3.03,5.03,2011-13,true
Vince Carter,SG,42,2.98,3.08,2010-12,true
Doug Christie,SG,59,2.97,4.69,2001-03,true
Bo Outlaw,PF,61,2.96,4.87,1996-98,true
Chris Bosh,C,60,2.96,4.77,2007-09,true
Shane Battier,SF,56,2.94,4.37,2004-06,true
J.R. Smith,SG,48,2.93,3.42,2008-10,false
Eric Bledsoe,SG,47,2.92,3.50,2019-21,true
Sam Perkins,C,41,2.92,2.81,1994-96,false
Patrick Beverley,PG,43,2.89,3.08,2013-15,true
Bobby Jones,PF,44,2.87,3.02,1982-84,true
C.J. Miles,SG,40,2.86,2.67,2013-15,false
Stacey Augmon,SG,49,2.84,3.42,1992-94,true
Travis Best,PG,40,2.81,2.62,1995-97,false
Rashard Lewis,PF,44,2.80,3.10,2009-11,false
Michael Jordan,SG,87,2.79,6.64,1996-98,true
Derrick McKey,SF,48,2.78,3.28,1994-96,false
Josh Howard,SF,45,2.75,3.14,2007-09,false
Jason Kidd,PG,74,2.74,5.47,2004-06,true
Tayshaun Prince,SF,46,2.72,3.21,2006-08,false
Jae Crowder,SF,44,2.70,2.99,2016-18,false
Eddie Jones,SG,41,2.67,2.68,2005-07,true
Moses Malone,C,62,2.67,4.37,1981-83,true
Shaquille O'Neal,C,77,2.66,6.08,2004-06,true
Khalid Reeves,PG,42,2.66,2.64,1994-96,false
Gheorghe Mureșan,C,49,2.62,3.21,1995-97,false
Donovan Mitchell,SG,66,2.62,5.00,2024-26,true
Reggie Williams,SF,45,2.60,2.84,1992-94,false
Tracy McGrady,SG,55,2.59,3.92,2006-08,true
Joe Smith,C,41,2.58,2.59,2001-03,false
Steve Kerr,PG,40,2.56,2.37,1992-94,false
Mike Conley,PG,61,2.54,4.44,2013-15,true
Arvydas Sabonis,C,52,2.52,3.57,1998-00,false
Baron Davis,PG,64,2.52,4.71,2005-07,true
Nick Anderson,SG,45,2.50,2.89,1996-98,false
Metta World Peace,SF,41,2.49,2.50,2009-11,true
Cody Zeller,C,41,2.49,2.50,2018-20,false
Anfernee Hardaway,PG,79,2.49,5.65,1994-96,true
Jeff Hornacek,SG,64,2.48,4.36,1995-97,true
P.J. Brown,C,44,2.46,2.76,2000-02,false
Tyrone Hill,C,41,2.45,2.34,1995-97,false
Otis Thorpe,PF,46,2.45,2.77,1994-96,false
Brendan Haywood,C,43,2.42,2.62,2004-06,false
Jerome Williams,PF,41,2.41,2.42,1998-00,false
Roy Hibbert,C,43,2.41,2.61,2012-14,false
Kyle Korver,SG,58,2.41,4.03,2014-16,true
Chris Mills,SF,44,2.40,2.69,1996-98,false
Thaddeus Young,PF,42,2.35,2.45,2010-12,false
Kawhi Leonard,SF,87,2.33,6.70,2015-17,true
Ricky Rubio,PG,48,2.33,3.00,2019-21,true
Brook Lopez,C,43,2.30,2.50,2019-21,false
Antawn Jamison,PF,46,2.30,2.78,2006-08,false
Klay Thompson,SG,61,2.29,4.19,2015-17,true
Paul Pierce,SF,69,2.28,4.95,2007-09,true
Chris Andersen,C,40,2.28,2.20,2013-15,true
Anderson Varejão,PF,48,2.27,2.94,2008-10,false
Serge Ibaka,PF,51,2.26,3.22,2014-16,true
Giannis Antetokounmpo,PF,91,2.25,7.00,2019-21,true
Danny Manning,PF,44,2.25,2.54,1997-99,true
Matt Barnes,SF,43,2.25,2.45,2013-15,false
Clyde Drexler,SG,63,2.20,3.99,1996-98,true
Nikola Mirotić,PF,40,2.20,2.11,2016-18,false
Luol Deng,SF,49,2.19,2.96,2012-14,false
Paul George,PF,60,2.19,4.00,2023-25,true
Jared Dudley,PF,41,2.18,2.19,2014-16,false
George Hill,PG,53,2.18,3.32,2013-15,false
Mike Dunleavy,SF,46,2.15,2.64,2013-15,false
Jayson Tatum,SF,71,2.15,5.00,2023-25,true
Tiago Splitter,PF,48,2.14,2.82,2012-14,false
George Lynch,SF,41,2.14,2.15,1998-00,false
Steven Adams,C,50,2.14,3.00,2018-20,false
Rik Smits,C,46,2.13,2.61,1997-99,false
Karl Malone,PF,78,2.12,5.20,1995-97,true
Kentavious Caldwell-Pope,SG,40,2.08,2.00,2023-25,false
James Harden,PG,77,2.08,5.50,2020-22,true
Andrei Kirilenko,PF,58,2.07,3.69,2008-10,true
Shawn Marion,SF,45,2.07,2.46,2008-10,true
John Stockton,PG,83,2.04,6.03,1999-01,true
Kenyon Martin,PF,51,2.03,2.99,2001-03,true
David West,PF,44,2.02,2.31,2013-15,false
Speedy Claxton,PG,46,2.01,2.50,2004-06,false
Zach Randolph,PF,41,2.01,2.02,2013-15,false
Steve Nash,PG,87,2.00,6.37,2007-09,true
Danny Granger,SF,57,1.99,3.52,2010-12,true
Isaiah Hartenstein,C,41,1.99,2.00,2022-24,false
Nenê,PF,41,1.99,2.00,2013-15,true
Hakeem Olajuwon,C,44,1.98,2.27,2000-02,true
Alonzo Mourning,C,82,1.97,5.87,1996-98,true
Earl Watson,PG,48,1.97,2.65,2004-06,false
Al-Farouq Aminu,SF,42,1.97,2.08,2015-17,false
Gerald Wallace,SF,43,1.97,2.17,2011-13,true
Elton Brand,C,40,1.95,1.87,2011-13,true
Charlie Ward,PG,40,1.95,1.86,2000-02,false
Vladimir Radmanović,PF,41,1.94,1.95,2004-06,false
Ryan Anderson,PF,50,1.92,2.79,2010-12,false
Andrew Bogut,C,57,1.92,3.45,2009-11,false
Devin Harris,PG,42,1.92,2.02,2013-15,false
Zydrunas Ilgauskas,C,45,1.91,2.30,2006-08,false
Robert Covington,PF,42,1.90,2.00,2021-23,false
Jusuf Nurkić,C,42,1.90,2.00,2023-25,false
Dwight Powell,C,42,1.90,2.00,2018-20,true
Dale Davis,PF,40,1.89,1.70,1995-97,false
Derrick Coleman,C,40,1.88,1.80,2001-03,true
Jrue Holiday,PG,53,1.85,3.00,2023-25,true
Tyson Chandler,C,53,1.84,2.99,2007-09,true
Channing Frye,PF,41,1.84,1.85,2010-12,false
Kyle Lowry,PG,69,1.84,4.50,2017-19,true
Eric Snow,PG,41,1.84,1.85,2003-05,true
Paul Millsap,PF,47,1.82,2.40,2008-10,true
Hedo Türkoğlu,SF,51,1.81,2.77,2008-10,false
Chuck Hayes,C,40,1.81,1.72,2009-11,false
Joe Johnson,SG,53,1.80,2.95,2012-14,false
Marcus Morris,SF,41,1.80,1.69,2015-17,false
Derrick White,SG,43,1.80,2.00,2020-22,false
Derek Fisher,PG,40,1.79,1.71,2008-10,false
Danny Ainge,SG,40,1.78,1.59,1993-95,true
Josh Smith,SF,56,1.78,3.21,2012-14,true
Hersey Hawkins,SG,43,1.77,1.97,1998-00,true
Bruce Bowen,SF,42,1.77,1.87,2001-03,true
Rasho Nesterović,C,41,1.73,1.75,2001-03,false
Detlef Schrempf,SF,50,1.73,2.59,1998-00,true
Mike James,PG,65,1.72,3.67,2004-06,false
Monta Ellis,SG,44,1.71,2.00,2014-16,false
Patrick Ewing,C,72,1.71,4.27,1995-97,true
Grant Long,PF,45,1.70,1.94,1994-96,false
Brian Grant,PF,40,1.70,1.61,1998-00,false
Ruben Patterson,SF,41,1.70,1.71,2001-03,false
Kevin Durant,SF,92,1.70,6.54,2015-17,true
Theo Ratliff,C,43,1.68,1.88,1996-98,false
Tony Parker,PG,50,1.67,2.54,2001-03,true
Greg Monroe,C,40,1.67,1.58,2016-18,false
Elden Campbell,PF,48,1.66,2.16,1994-96,false
Maurice Harkless,SF,42,1.66,1.77,2016-18,false
Raymond Felton,PG,44,1.65,1.94,2012-14,false
Andre Miller,PG,44,1.65,1.94,2012-14,true
Deron Williams,PG,54,1.64,2.88,2013-15,true
Kemba Walker,PG,66,1.62,4.00,2017-19,true
Sam Cassell,PG,56,1.61,3.04,2004-06,true
Mitch Richmond,SG,51,1.61,2.57,1998-00,true
Patty Mills,PG,45,1.61,2.00,2015-17,false
Jameer Nelson,PG,53,1.61,2.76,2011-13,false
Robin Lopez,C,44,1.60,1.89,2014-16,false
Vincent Askew,SG,42,1.59,1.57,1993-95,false
Morris Peterson,SG,41,1.59,1.60,2000-02,false
Rafer Alston,PG,44,1.59,1.88,2006-08,false
Derrick Favors,C,40,1.58,1.50,2019-21,false
Luke Kornet,C,40,1.58,1.50,2024-26,false
Kevon Looney,C,40,1.58,1.50,2021-23,false
Danilo Gallinari,SF,57,1.58,3.11,2011-13,true
Corliss Williamson,SF,40,1.58,1.50,2002-04,false
Thabo Sefolosha,SG,47,1.55,2.13,2011-13,true
DeAndre Jordan,C,61,1.55,3.46,2016-18,true
Kendall Gill,SF,60,1.55,3.08,1995-97,false
Vinny Del Negro,SG,44,1.55,1.70,1992-94,false
Maurice Cheeks,PG,70,1.55,3.94,1984-86,true
OG Anunoby,PF,51,1.54,2.50,2023-25,false
Eric Piatkowski,SG,40,1.54,1.35,2002-04,true
Peja Stojaković,SF,43,1.53,1.73,2008-10,true
Mark Jackson,PG,52,1.52,2.36,1994-96,false
Kirk Hinrich,SG,43,1.51,1.71,2008-10,false
Jon Barry,SG,40,1.50,1.42,2003-05,true
Larry Sanders,C,40,1.50,1.42,2011-13,false
Jimmy Butler,SG,62,1.50,3.50,2017-19,true
Brian Cardinal,PF,42,1.49,1.60,2003-05,false
Kelly Olynyk,PF,41,1.49,1.50,2018-20,false
Jarred Vanderbilt,PF,41,1.49,1.50,2021-23,false
Brent Barry,SG,42,1.48,1.58,1996-98,true
Michael Finley,SG,54,1.48,2.72,2002-04,false
Caron Butler,SF,40,1.47,1.39,2011-13,true
Jaylen Brown,SF,57,1.47,3.00,2022-24,false
Anthony Parker,SG,41,1.47,1.48,2008-10,false
Marcus Camby,PF,43,1.46,1.66,2009-11,false
Al Jefferson,C,48,1.43,2.10,2011-13,false
Luka Doncic,PG,84,1.42,5.50,2024-26,true
Avery Johnson,PG,59,1.41,2.85,1994-96,false
Carmelo Anthony,SF,58,1.41,3.03,2014-16,true
Bobby Phills,SG,50,1.41,2.08,1995-97,false
Dale Ellis,SG,55,1.40,2.50,1992-94,true
James Johnson,PF,41,1.40,1.41,2015-17,false
Sean Elliott,SF,65,1.40,3.35,1994-96,false
Kyle Anderson,SF,42,1.40,1.50,2018-20,false
Gorgui Dieng,C,41,1.38,1.39,2015-17,false
Terry Porter,PG,44,1.37,1.52,1995-97,true
DeMarre Carroll,SF,52,1.37,2.42,2013-15,false
Fred VanVleet,PG,53,1.35,2.50,2023-25,false
Bobby Simmons,SF,46,1.35,1.83,2003-05,false
Anthony Edwards,SG,69,1.34,4.00,2024-26,true
Joel Przybilla,C,41,1.33,1.34,2008-10,false
Michael Kidd-Gilchrist,SF,40,1.33,1.25,2016-18,false
Brevin Knight,PG,50,1.33,2.19,1998-00,false
Marcus Smart,PG,48,1.33,2.00,2021-23,true
Clifford Robinson,SF,49,1.32,1.91,1995-97,false
Grant Hill,SF,74,1.30,4.44,1998-00,true
Bogdan Bogdanović,SG,43,1.30,1.50,2023-25,false
Larry Nance Jr.,C,43,1.30,1.50,2017-19,false
Onyeka Okongwu,C,43,1.30,1.50,2022-24,false
Jakob Poeltl,C,43,1.30,1.50,2019-21,true
Marcin Gortat,C,49,1.29,2.06,2013-15,false
Pau Gasol,PF,54,1.28,2.52,2011-13,true
Rudy Gobert,C,75,1.27,4.50,2020-22,true
Mario Chalmers,PG,47,1.27,1.84,2013-15,false
Jason Thompson,PF,40,1.26,1.18,2011-13,false
Ersan İlyasova,PF,40,1.26,1.18,2010-12,false
Stromile Swift,PF,43,1.25,1.45,2001-03,false
John Starks,SG,49,1.25,1.83,1995-97,false
Kenny Anderson,PG,63,1.24,3.03,1995-97,false
Cedric Ceballos,SF,48,1.24,1.73,1995-97,false
Brandon Roy,SG,51,1.24,2.19,2009-11,true
Quentin Richardson,SG,40,1.23,1.15,2000-02,false
Bam Adebayo,C,49,1.23,2.00,2020-22,true
Clint Capela,C,49,1.23,2.00,2021-23,true
Aaron Gordon,PF,49,1.23,2.00,2023-25,false
Walt Williams,SF,53,1.22,2.15,1995-97,false
Dennis Scott,SF,58,1.22,2.58,1995-97,false
Tony Battie,C,41,1.22,1.23,2001-03,false
Robert Pack,PG,46,1.22,1.54,1992-94,false
Kristaps Porziņģis,C,44,1.21,1.50,2019-21,false
Marc Gasol,C,58,1.20,2.82,2010-12,true
Delonte West,SG,44,1.20,1.49,2008-10,false
Joakim Noah,C,56,1.18,2.61,2013-15,true
Fred Hoiberg,SG,43,1.18,1.38,2003-05,true
Ricky Pierce,SG,52,1.17,2.01,1992-94,false
Goran Dragić,PG,56,1.16,2.59,2014-16,true
Brandan Wright,PF,41,1.16,1.17,2013-15,false
Larry Johnson,PF,41,1.15,1.16,1998-00,false
Kyrie Irving,SG,71,1.15,4.00,2022-24,true
Charles Barkley,PF,68,1.14,3.35,1993-95,true
Richaun Holmes,C,50,1.14,2.00,2020-22,false
Al Horford,C,50,1.14,2.00,2018-20,false
CJ McCollum,SG,50,1.14,2.00,2017-19,false
Devin Booker,SG,66,1.12,3.50,2021-23,true
Raef LaFrentz,PF,42,1.11,1.22,2004-06,false
Brandon Clarke,PF,45,1.11,1.50,2021-23,false
Myles Turner,C,45,1.11,1.50,2024-26,false
Khris Middleton,SF,61,1.10,3.00,2017-19,true
Jason Richardson,SG,52,1.09,2.15,2005-07,false
Trevor Ariza,SF,40,1.09,1.00,2008-10,true
Boris Diaw,PF,41,1.09,1.10,2012-14,false
Nemanja Bjelica,PF,40,1.08,1.00,2019-21,false
Jordan Clarkson,SG,40,1.08,1.00,2021-23,false
De'Anthony Melton,SG,40,1.08,1.00,2021-23,false
Bobby Jackson,PG,40,1.08,1.00,2000-02,false
Glen Rice,SF,54,1.08,2.09,1992-94,true
Pascal Siakam,PF,56,1.07,2.50,2022-24,false
Ray Allen,SG,62,1.04,3.04,2009-11,true
Daniel Gibson,PG,43,1.04,1.23,2007-09,false
LaPhonso Ellis,PF,48,1.03,1.53,1992-94,false
Jermaine O'Neal,C,57,1.03,2.55,2006-08,true
Aaron McKie,SF,45,1.02,1.41,2002-04,false
Greg Buckner,SG,40,1.02,0.94,2004-06,true
Victor Oladipo,SG,46,1.02,1.50,2015-17,true
Avery Bradley,SG,41,1.02,1.03,2014-16,true
Mitchell Robinson,C,46,1.02,1.50,2021-23,false
Wesley Person,SG,46,1.02,1.34,1995-97,false
Danny Ferry,PF,41,1.01,0.91,1994-96,true
Matthew Dellavedova,PG,40,1.01,0.92,2014-16,false
De'Aaron Fox,PG,62,1.00,3.00,2023-25,false
Rick Fox,SF,41,0.99,1.00,1999-01,false
Bruce Brown,SF,41,0.99,1.00,2021-23,false
Josh Richardson,SG,41,0.99,1.00,2018-20,false
Nate Robinson,PG,40,0.97,0.89,2005-07,false
Otto Porter Jr.,SF,57,0.97,2.50,2017-19,false
Steve Novak,SF,49,0.97,1.73,2011-13,false
Steve Smith,SG,47,0.96,1.38,2001-03,false
Pablo Prigioni,PG,41,0.95,0.96,2012-14,true
Raja Bell,SG,40,0.95,0.86,2006-08,true
Donald Royal,SF,40,0.93,0.74,1993-95,true
Kenneth Faried,PF,43,0.92,1.12,2014-16,false
Antonio Davis,C,41,0.92,0.93,2000-02,false
David Lee,PF,45,0.92,1.30,2006-08,false
Keon Ellis,SG,42,0.90,1.00,2024-26,false
Andrew Wiggins,SF,42,0.90,1.00,2023-25,false
Matt Carroll,SG,41,0.89,0.90,2005-07,false
Greg Anthony,PG,40,0.89,0.80,1998-00,false
Charles Smith,SF,40,0.87,0.68,1993-95,false
Andris Biedriņš,C,49,0.87,1.64,2006-08,true
Damon Stoudamire,PG,45,0.87,1.25,2001-03,false
James Posey,SF,42,0.85,0.95,2005-07,false
Rudy Gay,SF,51,0.84,1.80,2012-14,false
Dwight Howard,C,67,0.83,3.31,2014-16,true
Deandre Ayton,C,48,0.83,1.50,2022-24,false
Will Perdue,C,40,0.82,0.74,1996-98,false
Darrick Martin,PG,43,0.81,0.88,1995-97,false
Terrell Brandon,PG,43,0.81,0.88,1993-95,true
Antoine Walker,PF,55,0.81,2.15,2001-03,true
Al Harrington,PF,41,0.81,0.82,2008-10,false
Joel Embiid,C,80,0.80,4.50,2019-21,true
Dan Majerle,SG,41,0.79,0.80,1997-99,false
Bonzi Wells,SG,40,0.79,0.70,2002-04,false
Mehmet Okur,C,47,0.79,1.37,2008-10,false
Šarūnas Marčiulionis,SG,43,0.79,0.85,1994-96,false
Bob Sura,SG,41,0.79,0.80,2003-05,false
Amar'e Stoudemire,PF,59,0.78,2.50,2008-10,true
Chase Budinger,SF,40,0.76,0.68,2010-12,false
Richard Hamilton,SG,56,0.76,2.20,2004-06,false
Wesley Matthews,SF,51,0.76,1.72,2014-16,false
Anthony Morrow,SG,41,0.76,0.77,2014-16,false
Erick Dampier,C,43,0.76,0.95,2006-08,false
Charles Oakley,PF,43,0.75,0.82,1993-95,false
Derek Harper,PG,45,0.75,0.99,1993-95,true
Samuel Dalembert,C,41,0.75,0.76,2007-09,false
Reggie Miller,SG,67,0.75,3.22,1998-00,true
Chris Gatling,C,40,0.74,0.55,1993-95,false
Jaren Jackson Jr.,C,49,0.73,1.50,2024-26,false
Victor Wembanyama,C,86,0.73,5.00,2024-26,true
Jason Terry,SG,61,0.72,2.63,2006-08,true
Reggie Jackson,PG,47,0.72,1.30,2013-15,false
Jamaal Magloire,C,40,0.71,0.63,2001-03,false
Matt Harpring,SF,52,0.71,1.76,2001-03,false
Kurt Thomas,C,41,0.71,0.72,2002-04,false
Isaiah Joe,SG,44,0.71,1.00,2023-25,false
Landry Fields,SG,40,0.70,0.62,2010-12,false
Glenn Robinson,SF,55,0.69,2.03,1998-00,false
Stephen Jackson,SG,43,0.69,0.89,2004-06,false
Jarrett Allen,C,60,0.69,2.50,2024-26,false
Courtney Lee,SG,41,0.69,0.70,2011-13,false
Rod Strickland,PG,67,0.68,2.81,1994-96,true
Chris Wilcox,PF,41,0.67,0.69,2006-08,false
Chris Webber,PF,81,0.67,4.47,2001-03,true
Nikola Peković,C,48,0.66,1.33,2012-14,false
Beno Udrih,PG,49,0.65,1.42,2010-12,false
Desmond Mason,SF,47,0.65,1.23,2002-04,false
Jalen Brunson,PG,71,0.65,3.50,2024-26,true
Damian Lillard,PG,71,0.65,3.50,2023-25,true
Chris Mullin,SF,47,0.64,1.22,1998-00,true
Elfrid Payton,PG,43,0.64,0.84,2015-17,false
Emeka Okafor,C,40,0.64,0.56,2009-11,false
Immanuel Quickley,SG,50,0.64,1.50,2022-24,false
Alec Burks,SG,45,0.61,1.00,2021-23,false
Josh Hart,SF,45,0.61,1.00,2023-25,true
Ivica Zubac,C,45,0.61,1.00,2020-22,false
Rodney Stuckey,SG,44,0.60,0.90,2011-13,false
Steve Francis,SG,50,0.60,1.46,2005-07,true
Hassan Whiteside,C,50,0.60,1.46,2016-18,true
Gary Payton,PG,81,0.59,4.39,1996-98,true
Goga Bitadze,C,40,0.58,0.50,2024-26,false
Chris Boucher,SF,40,0.58,0.50,2020-22,false
Toumani Camara,PF,40,0.58,0.50,2024-26,false
Spencer Dinwiddie,PG,40,0.58,0.50,2023-25,false
Luguentz Dort,SF,40,0.58,0.50,2024-26,false
Kris Dunn,PG,40,0.58,0.50,2024-26,false
Jeremy Lamb,SG,40,0.58,0.50,2018-20,false
Terance Mann,SG,40,0.58,0.50,2022-24,false
T.J. McConnell,PG,40,0.58,0.50,2024-26,false
Bobby Portis,PF,40,0.58,0.50,2022-24,false
Anthony Davis,PF,77,0.58,4.00,2019-21,true
Nicolas Batum,SF,49,0.58,1.35,2014-16,false
Rashad McCants,SG,40,0.57,0.48,2007-09,false
Michael Porter Jr.,SF,56,0.57,2.00,2023-25,false
Derrick Rose,PG,42,0.57,0.67,2014-16,true
Armen Gilliam,PF,42,0.56,0.55,1993-95,false
Kerry Kittles,SG,41,0.56,0.57,1998-00,false
Antonio Daniels,SG,43,0.54,0.74,2004-06,false
Tobias Harris,PF,51,0.54,1.50,2020-22,false
Oliver Miller,C,44,0.54,0.69,1992-94,false
George McCloud,SF,41,0.53,0.54,1997-99,false
Chauncey Billups,PG,72,0.53,3.47,2006-08,true
Joe Dumars,SG,58,0.52,1.88,1995-97,false
Mikki Moore,PF,41,0.52,0.53,2006-08,false
Grayson Allen,SG,46,0.52,1.00,2024-26,false
Daniel Gafford,C,46,0.52,1.00,2024-26,false
Montrezl Harrell,C,41,0.51,0.52,2016-18,false
Hot Rod Williams,PF,45,0.51,0.75,1992-94,false
Karl-Anthony Towns,C,62,0.50,2.50,2024-26,true
Rex Chapman,SG,46,0.50,0.82,1995-97,false
Michael Redd,SG,61,0.50,2.40,2006-08,true
Justin Holiday,SF,41,0.49,0.50,2019-21,false
Derrick Jones Jr.,SF,41,0.49,0.50,2023-25,false
Voshon Lenard,SG,48,0.49,0.98,1997-99,false
Luis Scola,PF,41,0.48,0.49,2011-13,false
Kenny Thomas,PF,40,0.48,0.39,2002-04,false
Mikal Bridges,SF,57,0.47,2.00,2020-22,false
Ty Lawson,PG,48,0.46,1.13,2014-16,false
Tyus Edney,PG,41,0.46,0.35,1995-97,false
Cameron Johnson,PF,52,0.45,1.50,2023-25,false
Duncan Robinson,SG,47,0.42,1.00,2020-22,false
Kelvin Cato,PF,44,0.42,0.71,2003-05,false
Shawn Kemp,C,63,0.41,2.50,1998-00,true
Dorian Finney-Smith,PF,42,0.40,0.50,2020-22,false
Steve Blake,PG,49,0.38,1.15,2008-10,false
Ronnie Brewer,SF,48,0.38,1.06,2007-09,false
Jeremy Lin,PG,59,0.35,2.07,2011-13,false
Alex Caruso,SG,53,0.35,1.50,2023-25,false
Christian Wood,C,53,0.35,1.50,2020-22,false
Greivis Vásquez,PG,43,0.35,0.55,2013-15,false
Mark Price,PG,71,0.34,2.82,1993-95,true
Chris Morris,SF,45,0.34,0.58,1992-94,false
Anthony Mason,SF,55,0.34,1.44,1994-96,true
Bradley Beal,SG,46,0.33,0.82,2013-15,true
Jonas Valančiūnas,C,48,0.33,1.00,2021-23,false
Gerald Wilkins,SG,42,0.32,0.30,1992-94,false
Ramon Sessions,PG,42,0.31,0.41,2008-10,false
Rodney Hood,SG,40,0.30,0.22,2015-17,false
Ausar Thompson,SF,43,0.30,0.50,2024-26,false
Chris Childs,PG,47,0.29,0.70,1994-96,false
Jodie Meeks,SG,42,0.29,0.40,2010-12,false
Evan Mobley,PF,59,0.28,2.00,2024-26,true
Dorell Wright,SF,44,0.28,0.58,2009-11,false
Chandler Parsons,SF,57,0.27,1.79,2014-16,false
Tim Thomas,SF,47,0.25,0.83,2002-04,false
Darrell Armstrong,PG,56,0.25,1.68,1997-99,false
David Wesley,PG,53,0.24,1.17,1994-96,false
Mario Elie,SF,58,0.23,1.59,1995-97,false
Joe Ingles,PF,49,0.23,1.00,2018-20,false
Mason Plumlee,C,49,0.23,1.00,2021-23,false
Franz Wagner,SF,49,0.23,1.00,2023-25,false
Malik Sealy,SF,41,0.22,0.23,1998-00,false
Jaden McDaniels,PF,44,0.21,0.50,2024-26,false
Ervin Johnson,C,43,0.20,0.40,1997-99,true
Ja Morant,PG,60,0.19,2.00,2023-25,true
Lindsey Hunter,PG,42,0.19,0.29,1997-99,false
Richard Jefferson,SF,47,0.18,0.76,2009-11,false
Dell Curry,SG,51,0.18,0.93,1994-96,false
Wally Szczerbiak,SF,40,0.17,0.08,2007-09,false
Alvin Williams,PG,45,0.17,0.55,2001-03,false
Trey Murphy III,SF,55,0.16,1.50,2023-25,false
Muggsy Bogues,PG,47,0.16,0.74,1996-98,false
Mike Miller,SF,51,0.15,1.11,2002-04,true
Jeff Teague,PG,58,0.15,1.77,2011-13,false
Nikola Vučević,C,50,0.14,1.00,2020-22,false
Tracy Murray,SF,46,0.14,0.62,1996-98,false
Carlos Boozer,PF,55,0.12,1.46,2007-09,false
Terrence Ross,SF,40,0.12,0.04,2015-17,false
Keith Van Horn,SF,49,0.12,0.89,2001-03,false
Gordon Hayward,SF,63,0.12,2.21,2015-17,false
C.J. Watson,PG,43,0.12,0.32,2013-15,false
Billy Owens,SF,40,0.12,0.03,1996-98,false
John Collins,PF,45,0.11,0.50,2021-23,true
Dewayne Dedmon,C,45,0.11,0.50,2017-19,false
Donte DiVincenzo,SG,45,0.11,0.50,2024-26,false
Walker Kessler,C,45,0.11,0.50,2023-25,false
Terry Rozier,SG,45,0.11,0.50,2022-24,false
Darius Miles,SF,40,0.10,0.02,2001-03,false
Rodney Rogers,SF,43,0.10,0.17,1995-97,false
Earl Boykins,SG,41,0.10,0.11,2002-04,false
Yao Ming,C,59,0.10,1.82,2002-04,true
Desmond Bane,SG,61,0.10,2.00,2023-25,false
Jamaal Tinsley,PG,49,0.09,0.86,2002-04,false
Andre Drummond,C,43,0.09,0.29,2014-16,false
Shai Gilgeous-Alexander,PG,98,0.09,5.50,2024-26,true
J.J. Barea,PG,40,0.08,0.00,2014-16,false
Julian Champagnie,SF,40,0.08,0.00,2024-26,false
Jonathan Kuminga,PF,40,0.08,0.00,2023-25,false
Moses Moody,SG,40,0.08,0.00,2024-26,false
Keegan Murray,SF,40,0.08,0.00,2023-25,false
Royce O'Neale,SF,40,0.08,0.00,2021-23,false
Corey Maggette,SF,62,0.08,2.08,2006-08,false
Shammond Williams,PG,40,0.08,-0.01,2000-02,false
Carlos Arroyo,PG,42,0.08,0.18,2002-04,false
Julius Erving,SF,85,0.07,3.75,1981-83,true
Omri Casspi,PF,42,0.07,0.18,2014-16,false
Bryant Stith,SG,42,0.07,0.05,1993-95,false
LaMelo Ball,PG,56,0.07,1.50,2024-26,true
Chet Holmgren,C,56,0.07,1.50,2023-25,false
Bison Dele,C,43,0.06,0.26,1997-99,false
Fred Jones,SG,41,0.06,0.07,2004-06,false
Anthony Peeler,SG,44,0.06,0.35,1996-98,false
Tom Gugliotta,PF,52,0.06,1.11,1998-00,true
Scottie Barnes,PF,51,0.04,1.00,2023-25,false
Herbert Jones,SF,51,0.04,1.00,2022-24,false
Jamal Murray,PG,51,0.04,1.00,2018-20,true
Wilson Chandler,SF,41,0.04,0.05,2013-15,false
Damon Jones,PG,41,0.03,0.04,2002-04,false
Johnny Newman,SF,43,0.03,0.23,1996-98,false
Amen Thompson,PG,67,0.03,2.50,2024-26,false
Calbert Cheaney,SG,43,0.02,0.09,1994-96,false
Eric Gordon,SG,46,0.02,0.50,2017-19,false
Allen Iverson,SG,62,0.01,2.01,2007-09,true
Cuttino Mobley,SG,45,0.01,0.40,2005-07,false
Mike Bibby,PG,56,0.00,1.43,2001-03,true
Scott Burrell,SF,40,0.00,-0.19,1993-95,false
Tyreke Evans,SG,41,-0.01,0.00,2017-19,false
Buddy Hield,SF,41,-0.01,0.00,2023-25,false
Cameron Payne,PG,41,-0.01,0.00,2020-22,false
Tomáš Satoranský,SG,41,-0.01,0.00,2019-21,false
Moritz Wagner,C,41,-0.01,0.00,2023-25,false
Ben Gordon,SG,57,-0.01,1.51,2005-07,false
Isaiah Thomas,PG,56,-0.02,1.42,2011-13,true
Moochie Norris,PG,40,-0.03,-0.11,1999-01,false
Kendrick Perkins,C,49,-0.03,0.74,2008-10,false
Leandro Barbosa,SG,44,-0.03,0.26,2008-10,true
Derek Anderson,SF,44,-0.04,0.25,1997-99,false
Luke Walton,SF,41,-0.04,-0.03,2006-08,true
Spud Webb,PG,46,-0.04,0.28,1994-96,false
Dejounte Murray,SG,52,-0.05,1.00,2022-24,false
Julius Randle,PF,52,-0.05,1.00,2023-25,false
Gary Harris,SG,47,-0.08,0.50,2017-19,false
Sherman Douglas,PG,42,-0.08,0.03,1997-99,false
Marvin Williams,SF,40,-0.08,-0.16,2010-12,false
Kevin Johnson,PG,70,-0.09,2.30,1992-94,true
Dion Waiters,SG,40,-0.09,-0.18,2012-14,false
Darius Garland,PG,63,-0.09,2.00,2022-24,true
Will Barton,SG,42,-0.10,0.00,2020-22,false
Wendell Carter Jr.,C,42,-0.10,0.00,2022-24,false
Devonte' Graham,PG,42,-0.10,0.00,2020-22,false
Caris LeVert,SG,42,-0.10,0.00,2020-22,false
Markieff Morris,PF,43,-0.13,0.07,2013-15,false
Dana Barros,PG,46,-0.13,0.35,1998-00,true
Harrison Barnes,PF,43,-0.13,0.07,2015-17,false
Jerry Stackhouse,SG,45,-0.15,0.24,1996-98,false
Eddie House,PG,41,-0.15,-0.14,2007-09,false
Gary Neal,SG,40,-0.16,-0.24,2011-13,false
Tyus Jones,PG,48,-0.17,0.50,2022-24,false
Malcolm Brogdon,SG,45,-0.18,0.21,2016-18,false
Vin Baker,C,51,-0.18,0.78,1997-99,false
Anthony Tolliver,PF,42,-0.18,-0.08,2016-18,false
Marcus Thornton,SG,44,-0.18,0.11,2010-12,false
John Wall,PG,66,-0.19,2.19,2013-15,true
John Salmons,SG,45,-0.19,0.20,2009-11,false
Jerami Grant,PF,43,-0.20,0.00,2018-20,false
Tim Hardaway Jr.,SG,43,-0.20,0.00,2020-22,false
Keldon Johnson,SF,43,-0.20,0.00,2022-24,false
Lou Williams,SG,43,-0.20,0.00,2008-10,false
Kenny Smith,PG,58,-0.21,1.15,1993-95,false
Rony Seikaly,C,48,-0.22,0.28,1992-94,false
Chris Duhon,PG,47,-0.22,0.36,2007-09,true
Larry Hughes,PG,47,-0.23,0.35,2002-04,true
Terry Dehere,PG,49,-0.25,0.33,1995-97,false
Anthony Johnson,PG,43,-0.26,-0.19,2004-06,false
Monte Morris,PG,49,-0.27,0.50,2021-23,false
Roger Mason,SG,45,-0.27,-0.03,2007-09,false
Lance Stephenson,SG,45,-0.27,0.11,2012-14,false
Brandon Jennings,PG,44,-0.28,0.02,2009-11,false
Lonzo Ball,PG,44,-0.29,0.00,2018-20,false
Jalen Suggs,SG,44,-0.29,0.00,2023-25,false
Obi Toppin,PF,44,-0.29,0.00,2023-25,false
Rondae Hollis-Jefferson,SF,42,-0.30,-0.19,2016-18,false
Latrell Sprewell,SF,42,-0.30,-0.20,2003-05,false
Rudy Fernández,SG,42,-0.30,-0.20,2008-10,false
Lamond Murray,SF,41,-0.31,-0.30,1996-98,false
E'Twaun Moore,SG,43,-0.32,-0.12,2016-18,false
Luther Head,SG,44,-0.34,-0.05,2006-08,false
Francisco García,SF,40,-0.35,-0.43,2006-08,false
Eric Murdock,PG,45,-0.36,-0.12,1994-96,false
Bryant Reeves,C,42,-0.36,-0.26,1997-99,false
Alperen Şengün,C,50,-0.36,0.50,2024-26,false
Othella Harrington,PF,40,-0.37,-0.45,1999-01,false
Bimbo Coles,PG,41,-0.38,-0.49,1992-94,false
Miles Bridges,SF,45,-0.39,0.00,2023-25,false
Sam Hauser,SF,45,-0.39,0.00,2023-25,false
Jordan Poole,PG,45,-0.39,0.00,2022-24,false
T.J. Ford,PG,45,-0.39,-0.01,2008-10,false
Keith Jennings,PG,43,-0.40,-0.33,1993-95,false
Cory Alexander,PG,40,-0.40,-0.48,1997-99,false
Anthony Goldwire,PG,42,-0.41,-0.43,1996-98,false
Dyson Daniels,SG,40,-0.42,-0.50,2023-25,false
Josh Green,SG,40,-0.42,-0.50,2022-24,false
Cory Joseph,PG,40,-0.42,-0.50,2020-22,false
Darius Miller,SF,40,-0.42,-0.50,2017-19,false
Gary Trent Jr.,SG,40,-0.42,-0.50,2022-24,false
P.J. Washington,PF,40,-0.42,-0.50,2021-23,false
Delon Wright,PG,40,-0.42,-0.50,2019-21,false
Shaun Livingston,PG,40,-0.43,-0.52,2012-14,false
Jerryd Bayless,PG,43,-0.44,-0.24,2011-13,false
Jayson Williams,C,41,-0.44,-0.43,1997-99,false
Brent Price,PG,44,-0.44,-0.15,1997-99,false
Clarence Weatherspoon,SF,46,-0.45,-0.13,1992-94,false
Nickeil Alexander-Walker,SG,51,-0.46,0.50,2024-26,false
Dāvis Bertāns,PF,51,-0.46,0.50,2019-21,false
Dennis Schröder,PG,51,-0.46,0.50,2016-18,false
Andrés Nocioni,SF,43,-0.46,-0.27,2007-09,false
Kent Bazemore,SF,40,-0.47,-0.55,2016-18,false
Carlos Delfino,SF,40,-0.47,-0.55,2009-11,false
Chucky Atkins,PG,40,-0.47,-0.56,1999-01,false
Evan Fournier,SG,46,-0.48,0.00,2017-19,false
Kevin Huerter,SG,46,-0.48,0.00,2022-24,false
Tre Jones,PG,46,-0.48,0.00,2023-25,false
Malik Monk,SG,46,-0.48,0.00,2022-24,false
Chris Whitney,PG,43,-0.49,-0.29,1998-00,false
Tyrese Maxey,PG,62,-0.50,1.50,2023-25,true
Tyronn Lue,PG,42,-0.50,-0.40,2001-03,false
Jalen Green,SG,41,-0.51,-0.50,2023-25,false
Trae Young,PG,78,-0.52,3.00,2021-23,true
Tyrese Haliburton,PG,73,-0.54,2.50,2023-25,true
Mark Blount,C,40,-0.55,-0.63,2003-05,false
D'Angelo Russell,PG,52,-0.55,0.50,2023-25,false
Darren Collison,PG,56,-0.55,0.88,2015-17,false
Kevin Martin,SG,56,-0.55,0.88,2012-14,true
Carl Landry,PF,46,-0.57,-0.08,2008-10,false
Nick Van Exel,PG,55,-0.57,0.76,1998-00,false
Jamal Crawford,PG,45,-0.58,-0.19,2002-04,false
Rajon Rondo,PG,63,-0.58,1.51,2007-09,true
Shandon Anderson,SF,46,-0.59,-0.11,1998-00,false
Charlie Bell,SG,43,-0.60,-0.40,2005-07,false
Malik Beasley,SG,42,-0.60,-0.50,2018-20,false
Wayne Ellington,SG,42,-0.60,-0.50,2017-19,false
Lauri Markkanen,PF,42,-0.60,-0.50,2019-21,false
Nerlens Noel,C,42,-0.60,-0.50,2018-20,false
Naz Reid,PF,42,-0.60,-0.50,2022-24,false
Dario Šarić,PF,42,-0.60,-0.50,2017-19,false
Max Strus,SF,42,-0.60,-0.50,2023-25,false
Aaron Wiggins,SG,42,-0.60,-0.50,2023-25,false
Craig Ehlo,SG,40,-0.62,-0.81,1993-95,false
Antonio McDyess,PF,55,-0.62,0.72,1999-01,true
Jalen Williams,PF,58,-0.62,1.00,2023-25,false
Dee Brown,SG,47,-0.62,-0.04,1997-99,false
D.J. Augustin,PG,44,-0.62,-0.33,2009-11,false
Jalen Rose,SF,46,-0.63,-0.30,1994-96,false
Tyler Johnson,PG,42,-0.63,-0.53,2016-18,false
Howard Eisley,PG,45,-0.64,-0.25,2001-03,false
Allan Houston,SG,50,-0.65,0.21,1997-99,false
Nick Young,SG,40,-0.66,-0.74,2016-18,false
Michael Carter-Williams,PG,43,-0.66,-0.46,2014-16,false
Juwan Howard,PF,42,-0.67,-0.56,1998-00,false
Aaron Brooks,PG,40,-0.69,-0.77,2014-16,false
Isaiah Rider,SG,41,-0.69,-0.68,1998-00,false
Sam Merrill,SG,43,-0.70,-0.50,2024-26,false
Smush Parker,PG,45,-0.71,-0.32,2005-07,false
DeMar DeRozan,SF,59,-0.72,1.00,2023-25,true
Payton Pritchard,PG,59,-0.72,1.00,2024-26,false
JJ Redick,SG,59,-0.72,1.00,2016-18,true
A.C. Green,PF,43,-0.73,-0.67,1993-95,false
Kevin Edwards,SG,41,-0.75,-0.86,1992-94,false
Kevin Gamble,SF,43,-0.77,-0.70,1992-94,false
Mahmoud Abdul-Rauf,PG,52,-0.79,0.05,1992-94,false
Andrew Bynum,C,57,-0.79,0.73,2010-12,false
Jamal Mashburn,SF,41,-0.79,-0.78,1996-98,false
Vít Krejčí,PG,44,-0.79,-0.50,2024-26,false
Andrew Nembhard,SG,44,-0.79,-0.50,2024-26,false
Brandin Podziemski,SG,44,-0.79,-0.50,2024-26,false
Kris Humphries,PF,42,-0.80,-0.70,2010-12,false
Andray Blatche,PF,44,-0.80,-0.51,2009-11,false
Martell Webster,SF,47,-0.82,-0.24,2011-13,false
Gilbert Arenas,PG,80,-0.83,2.88,2005-07,true
Collin Sexton,SG,55,-0.84,0.50,2024-26,false
Keyon Dooling,PG,43,-0.84,-0.65,2007-09,false
Jim Jackson,SF,46,-0.86,-0.38,2002-04,false
Seth Curry,SG,50,-0.86,0.00,2021-23,false
Byron Scott,PG,44,-0.87,-0.72,1993-95,false
Eddy Curry,C,40,-0.88,-0.96,2002-04,false
DeMarcus Cousins,C,46,-0.88,-0.39,2011-13,true
Rui Hachimura,PF,45,-0.89,-0.50,2024-26,false
Sam Mitchell,SF,40,-0.89,-0.98,1997-99,false
B.J. Armstrong,PG,56,-0.90,0.29,1993-95,true
Don MacLean,SF,43,-0.90,-0.83,1992-94,false
Luke Ridnour,SG,45,-0.91,-0.52,2011-13,false
Tyrus Thomas,PF,41,-0.91,-0.90,2008-10,false
Cole Anthony,PG,40,-0.92,-1.00,2022-24,false
Deni Avdija,SF,40,-0.92,-1.00,2022-24,false
Reggie Bullock,SF,40,-0.92,-1.00,2019-21,false
Jeff Green,PF,40,-0.92,-1.00,2018-20,false
Jaime Jaquez Jr.,SF,40,-0.92,-1.00,2024-26,false
Corey Kispert,SF,40,-0.92,-1.00,2024-26,false
Nick Richards,C,40,-0.92,-1.00,2023-25,false
Josh Childress,SF,50,-0.92,-0.05,2005-07,false
Sedale Threatt,PG,46,-0.92,-0.60,1993-95,false
Shareef Abdur-Rahim,PF,50,-0.95,-0.09,2004-06,true
Paolo Banchero,PF,51,-0.96,0.00,2024-26,false
Donyell Marshall,SF,41,-0.98,-0.97,1997-99,false
Randy Foye,SG,42,-0.98,-0.88,2008-10,false
Brandon Ingram,SF,62,-1.00,1.00,2020-22,false
RJ Barrett,SG,41,-1.01,-1.00,2022-24,false
Josh Giddey,SG,41,-1.01,-1.00,2022-24,false
De'Andre Hunter,SF,41,-1.01,-1.00,2021-23,false
Taurean Prince,SF,41,-1.01,-1.00,2023-25,false
Boštjan Nachbar,SF,41,-1.02,-1.01,2006-08,false
O.J. Mayo,SG,44,-1.04,-0.74,2009-11,false
Spencer Hawes,C,42,-1.04,-0.94,2012-14,false
Jarrett Jack,SG,45,-1.07,-0.68,2009-11,false
Tyler Herro,SG,63,-1.09,1.00,2024-26,true
Matt Maloney,PG,48,-1.10,-0.43,1996-98,false
Kyle Kuzma,SF,42,-1.10,-1.00,2020-22,false
Landry Shamet,SG,42,-1.10,-1.00,2018-20,false
Norman Powell,SG,58,-1.12,0.50,2020-22,false
Arron Afflalo,SG,49,-1.14,-0.37,2009-11,false
Hubert Davis,SG,50,-1.14,-0.47,1993-95,false
Christian Braun,SG,53,-1.15,0.00,2024-26,false
Gerald Green,SG,43,-1.15,-0.95,2012-14,false
Kelenna Azubuike,SG,41,-1.16,-1.15,2007-09,false
José Calderón,PG,53,-1.18,-0.03,2009-11,true
Aaron Nesmith,SF,43,-1.20,-1.00,2022-24,false
Kelly Oubre Jr.,SF,43,-1.20,-1.00,2018-20,false
Devin Vassell,SG,43,-1.20,-1.00,2024-26,false
Jason Williams,PG,42,-1.20,-1.10,2000-02,false
Stephon Marbury,PG,56,-1.21,0.22,2005-07,true
Domantas Sabonis,PF,59,-1.22,0.50,2019-21,true
T.J. Warren,SF,40,-1.23,-1.32,2015-17,false
Marco Belinelli,SG,42,-1.24,-1.14,2010-12,false
Bojan Bogdanović,PF,54,-1.24,0.00,2021-23,false
Jason Hart,PG,40,-1.25,-1.33,2003-05,false
Elliot Perry,PG,42,-1.25,-1.27,1995-97,false
Ryan Rollins,PG,49,-1.27,-0.50,2024-26,false
Brandon Rush,SG,44,-1.27,-0.98,2010-12,false
Zach LaVine,SG,65,-1.28,1.00,2021-23,true
Naji Marshall,SF,44,-1.29,-1.00,2024-26,false
Doug McDermott,SF,44,-1.29,-1.00,2018-20,false
Chris Kaman,C,42,-1.30,-1.20,2006-08,false
Austin Reaves,SG,60,-1.31,0.50,2023-25,true
Ron Mercer,SG,40,-1.32,-1.40,1999-01,false
Pooh Richardson,PG,46,-1.38,-1.06,1992-94,false
Jordan Farmar,PG,47,-1.39,-0.81,2010-12,false
Thomas Bryant,C,45,-1.39,-1.00,2018-20,false
A.J. Green,SG,45,-1.39,-1.00,2024-26,false
Coby White,PG,45,-1.39,-1.00,2020-22,false
Saddiq Bey,SF,40,-1.42,-1.50,2020-22,false
Matas Buzelis,SF,40,-1.42,-1.50,2024-26,false
Max Christie,SG,40,-1.42,-1.50,2024-26,false
Troy Murphy,PF,51,-1.43,-0.47,2007-09,false
Toney Douglas,SG,41,-1.43,-1.42,2009-11,false
Evan Turner,SF,41,-1.44,-1.43,2012-14,false
Allen Crabbe,SG,45,-1.44,-1.05,2016-18,false
Dino Radja,PF,47,-1.45,-1.03,1994-96,false
Mo Williams,PG,45,-1.45,-1.06,2013-15,false
Gerald Henderson,SG,42,-1.48,-1.38,2012-14,false
Davion Mitchell,PG,46,-1.48,-1.00,2024-26,false
Anfernee Simons,SG,46,-1.48,-1.00,2024-26,false
Drew Gooden,PF,40,-1.50,-1.58,2003-05,false
Erick Strickland,PG,41,-1.50,-1.49,2001-03,false
Quentin Grimes,SG,41,-1.51,-1.50,2021-23,false
Jabari Parker,PF,44,-1.54,-1.24,2015-17,false
Chuck Person,SF,45,-1.54,-1.31,1994-96,false
Michael Dickerson,SG,48,-1.56,-0.88,1999-01,false
Ricky Davis,SG,50,-1.59,-0.73,2004-06,false
Stephon Castle,SG,42,-1.60,-1.50,2024-26,false
Bryn Forbes,SG,42,-1.60,-1.50,2020-22,false
Shake Milton,SG,42,-1.60,-1.50,2019-21,false
Cam Thomas,SG,42,-1.60,-1.50,2022-24,false
Cade Cunningham,PG,69,-1.66,1.00,2024-26,true
Michael Adams,PG,54,-1.66,-0.65,1992-94,false
Brad Daugherty,C,62,-1.67,0.03,1992-94,true
Collin Gillespie,PG,48,-1.67,-1.00,2024-26,false
Austin Rivers,SG,42,-1.72,-1.62,2016-18,false
Jason Kapono,SF,46,-1.73,-1.25,2006-08,false
Scott Brooks,PG,40,-1.74,-1.93,1992-94,false
Dan Dickau,PG,40,-1.74,-1.93,2003-05,false
Luke Kennard,SG,49,-1.77,-1.00,2024-26,false
Tony Snell,SF,44,-1.79,-1.50,2019-21,false
Doug West,SG,41,-1.83,-1.94,1993-95,false
Jordan Crawford,PG,40,-1.89,-1.97,2012-14,false
Harvey Grant,SF,40,-1.89,-2.08,1992-94,false
Jeff McInnis,PG,47,-1.90,-1.32,2003-05,false
Ayo Dosunmu,SG,40,-1.92,-2.00,2022-24,false
Gordan Giriček,SG,42,-1.92,-1.82,2002-04,false
Jaylon Tyson,SG,41,-2.01,-2.00,2024-26,false
Jalen Duren,C,57,-2.03,-0.50,2024-26,false
Gary Trent,PF,40,-2.05,-2.14,1997-99,false
Jacque Vaughn,PG,40,-2.06,-2.14,2001-03,false
Todd Day,SG,40,-2.13,-2.32,1993-95,false
Sam Mack,SF,48,-2.13,-1.46,1997-99,false
Kevin Porter Jr.,PG,53,-2.15,-1.00,2021-23,false
Pat Garrity,PF,40,-2.18,-2.26,2000-02,false
Will Bynum,PG,41,-2.18,-2.17,2012-14,false
Peyton Watson,SF,43,-2.20,-2.00,2024-26,false
Lionel Simmons,SF,48,-2.21,-1.71,1992-94,false
Larry Nance,PF,59,-2.25,-0.81,1992-94,true
Bennedict Mathurin,SF,44,-2.29,-2.00,2024-26,false
Ben Simmons,PG,76,-2.33,1.00,2019-21,true
Wayman Tisdale,PF,40,-2.34,-2.53,1992-94,false
JaVale McGee,C,41,-2.36,-2.35,2010-12,true
Brandon Knight,PG,49,-2.44,-1.67,2012-14,false
DeShawn Stevenson,SG,43,-2.44,-2.24,2006-08,false
Andrea Bargnani,PF,42,-2.45,-2.35,2009-11,false
Kendrick Nunn,PG,46,-2.48,-2.00,2019-21,false
Brice Sensabaugh,SF,46,-2.48,-2.00,2024-26,false
Vernon Maxwell,PG,41,-2.51,-2.61,1994-96,false
Joe Harris,SG,58,-2.62,-1.00,2018-20,false
Dominique Wilkins,SF,48,-2.68,-2.18,1993-95,true
Ken Norman,SF,40,-2.71,-2.90,1992-94,false
Eldridge Recasner,SG,41,-2.73,-2.71,1997-99,false
Micheal Williams,PG,63,-2.93,-1.14,1992-94,true
Keyonte George,PG,41,-3.01,-3.00,2023-25,false
Eddie Johnson,SF,42,-3.01,-3.03,1992-94,false
Maurice Taylor,SF,43,-3.26,-3.06,1999-01,false
Loy Vaught,PF,44,-3.49,-3.34,1993-95,false
Scott Skiles,PG,61,-3.57,-1.95,1992-94,false
Blue Edwards,SF,49,-3.64,-3.06,1992-94,false
Troy Hudson,PG,51,-3.72,-2.76,2001-03,false
Trevor Ruffin,PG,41,-3.79,-3.90,1994-96,false
Hakim Warrick,PF,40,-3.93,-4.02,2006-08,false
Isiah Thomas,PG,51,-4.67,-3.92,1992-94,true